"relative_path","archive_path","bytes","sha256"
"backups/opening_sequence_20260614_210929/opening_intro.gd","E:\Linxi_Production_Archive\source_assets\backups\opening_sequence_20260614_210929\opening_intro.gd","6737","09C6EB04D79A851EC60C205B79B5713D92A387ABCE1C9633D63A280565EFF817"
"backups/opening_sequence_20260614_210929/opening_frames/image__00001/frame_001.jpg","E:\Linxi_Production_Archive\source_assets\backups\opening_sequence_20260614_210929\opening_frames\image__00001\frame_001.jpg","80474","16792EB2EC62FA2E168992DEDC1CEBA4D225DBB9A5E94ACA4ABB960FBC14C35A"
"backups/opening_sequence_20260614_210929/opening_frames/image__00001/frame_002.jpg","E:\Linxi_Production_Archive\source_assets\backups\opening_sequence_20260614_210929\opening_frames\image__00001\frame_002.jpg","84201","EB6FA3E82486765982E4473E6E602DD532386BF89AD4848E730C48983E2581C9"
"backups/opening_sequence_20260614_210929/opening_frames/image__00001/frame_003.jpg","E:\Linxi_Production_Archive\source_assets\backups\opening_sequence_20260614_210929\opening_frames\image__00001\frame_003.jpg","85705","BE26BBE5AC2994331BDEAF96790E4F0FF885B49F36D18072E7826E27AF5185DF"
"backups/opening_sequence_20260614_210929/opening_frames/image__00001/frame_004.jpg","E:\Linxi_Production_Archive\source_assets\backups\opening_sequence_20260614_210929\opening_frames\image__00001\frame_004.jpg","86256","8D34BB91661D775DB59B83F547D9AFB5A41BF4AC7E38798BAAAE4B11599A4FBB"
"backups/opening_sequence_20260614_210929/opening_frames/image__00001/frame_005.jpg","E:\Linxi_Production_Archive\source_assets\backups\opening_sequence_20260614_210929\opening_frames\image__00001\frame_005.jpg","89027","8A1732D162355D448E1A8E53C23A340EF8425B0CEDDC3595397A24F0802B2479"
"backups/opening_sequence_20260614_210929/opening_frames/image__00001/frame_006.jpg","E:\Linxi_Production_Archive\source_assets\backups\opening_sequence_20260614_210929\opening_frames\image__00001\frame_006.jpg","89456","E87E2EBD9403774A1F0DA506E7A5D2909BBB12854B33B8120898773FAF1A3AF5"
"backups/opening_sequence_20260614_210929/opening_frames/image__00001/frame_007.jpg","E:\Linxi_Production_Archive\source_assets\backups\opening_sequence_20260614_210929\opening_frames\image__00001\frame_007.jpg","89267","D4F4DF0FD63B7DC709103338F7E8A478B1D98FFEE0EFFB70C70F85A7F95A2652"
"backups/opening_sequence_20260614_210929/opening_frames/image__00001/frame_008.jpg","E:\Linxi_Production_Archive\source_assets\backups\opening_sequence_20260614_210929\opening_frames\image__00001\frame_008.jpg","90616","242F426B4D52AA11EB39FC70AAD2E8AEE4B142D5015B9AEBEC57DB0B8E0E5598"
"backups/opening_sequence_20260614_210929/opening_frames/image__00001/frame_009.jpg","E:\Linxi_Production_Archive\source_assets\backups\opening_sequence_20260614_210929\opening_frames\image__00001\frame_009.jpg","92768","C8C44C3CC4B57A767167A68E2253FE773B4E034EA2E716EADA086EAF2E278CB4"
"backups/opening_sequence_20260614_210929/opening_frames/image__00001/frame_010.jpg","E:\Linxi_Production_Archive\source_assets\backups\opening_sequence_20260614_210929\opening_frames\image__00001\frame_010.jpg","92684","9E3AB7535BACC31931211F7AA204015DE748B58269020805CF51E43C3FC2FA56"
"backups/opening_sequence_20260614_210929/opening_frames/image__00001/frame_011.jpg","E:\Linxi_Production_Archive\source_assets\backups\opening_sequence_20260614_210929\opening_frames\image__00001\frame_011.jpg","94661","0DDBE182BE4C60B34452D4EEA1AB7CEE42E7B051555DF0E50112E41E852F14F4"
"backups/opening_sequence_20260614_210929/opening_frames/image__00001/frame_012.jpg","E:\Linxi_Production_Archive\source_assets\backups\opening_sequence_20260614_210929\opening_frames\image__00001\frame_012.jpg","96137","86ED8F82EC3A421C7B687C081FA2A9A3CFA27620A782D7882F41AD38522BC1BD"
"backups/opening_sequence_20260614_210929/opening_frames/image__00001/frame_013.jpg","E:\Linxi_Production_Archive\source_assets\backups\opening_sequence_20260614_210929\opening_frames\image__00001\frame_013.jpg","95647","49C95BCBDF8D4DDE545F0EFA0CAA233591E87BF7DD3DE629355639BF45E603CC"
"backups/opening_sequence_20260614_210929/opening_frames/image__00001/frame_014.jpg","E:\Linxi_Production_Archive\source_assets\backups\opening_sequence_20260614_210929\opening_frames\image__00001\frame_014.jpg","97254","79DDC2EC1F07E1354F497E4A7059F4E2F919A313F8EFF784082D2456DCF87AA1"
"backups/opening_sequence_20260614_210929/opening_frames/image__00001/frame_015.jpg","E:\Linxi_Production_Archive\source_assets\backups\opening_sequence_20260614_210929\opening_frames\image__00001\frame_015.jpg","98155","83C45496FA4BEF4D2FAAEB63F9A44D6B473DE8889D04F9883BA9AEED101B4FF4"
"backups/opening_sequence_20260614_210929/opening_frames/image__00001/frame_016.jpg","E:\Linxi_Production_Archive\source_assets\backups\opening_sequence_20260614_210929\opening_frames\image__00001\frame_016.jpg","97549","71B45A4471BE29E5ECD5C79478B2A23747AFDBF7C8AA6F1EE4B86B0347E74EAF"
"backups/opening_sequence_20260614_210929/opening_frames/image__00001/frame_017.jpg","E:\Linxi_Production_Archive\source_assets\backups\opening_sequence_20260614_210929\opening_frames\image__00001\frame_017.jpg","99607","F765D33327725A0D6637B0698CD7165675076B470242C57DF72C8814C2026EC6"
"backups/opening_sequence_20260614_210929/opening_frames/image__00001/frame_018.jpg","E:\Linxi_Production_Archive\source_assets\backups\opening_sequence_20260614_210929\opening_frames\image__00001\frame_018.jpg","100659","E6258A9221744315BD3DF31E541807F6F40E27E22BAA0B748A17E7DEF6F77048"
"backups/opening_sequence_20260614_210929/opening_frames/image__00001/frame_019.jpg","E:\Linxi_Production_Archive\source_assets\backups\opening_sequence_20260614_210929\opening_frames\image__00001\frame_019.jpg","100187","E5130BF58C44E0FED31D5226ABEFF08092FCCADC070D25DDBCB721DD6A6A50E1"
"backups/opening_sequence_20260614_210929/opening_frames/image__00001/frame_020.jpg","E:\Linxi_Production_Archive\source_assets\backups\opening_sequence_20260614_210929\opening_frames\image__00001\frame_020.jpg","101450","8CB5AA5D9B18F0A388E68CD50E792BD3A12B6CB3CE9EADF6A5EF04CA01A73545"
"backups/opening_sequence_20260614_210929/opening_frames/image__00001/frame_021.jpg","E:\Linxi_Production_Archive\source_assets\backups\opening_sequence_20260614_210929\opening_frames\image__00001\frame_021.jpg","101398","ED7B5AADEBBEF32E574267802D46DC30260003F7AD9416DBF8157F47E79C5B1E"
"backups/opening_sequence_20260614_210929/opening_frames/image__00001/frame_022.jpg","E:\Linxi_Production_Archive\source_assets\backups\opening_sequence_20260614_210929\opening_frames\image__00001\frame_022.jpg","100640","03F6542E104216A5B520D51638ED20FD593ED730A86D989109A3B107DAB3C0D4"
"backups/opening_sequence_20260614_210929/opening_frames/image__00001/frame_023.jpg","E:\Linxi_Production_Archive\source_assets\backups\opening_sequence_20260614_210929\opening_frames\image__00001\frame_023.jpg","102247","1FA7340444E824E5F3499669546E74A39A3D2A6B0D6DA9CE87B772D8D4FF0FCB"
"backups/opening_sequence_20260614_210929/opening_frames/image__00001/frame_024.jpg","E:\Linxi_Production_Archive\source_assets\backups\opening_sequence_20260614_210929\opening_frames\image__00001\frame_024.jpg","104658","8A9B3C0B385192AF0DB67577C2445394665A5A7FA305038D11FD755638E06442"
"backups/opening_sequence_20260614_210929/opening_frames/image__00002/frame_001.jpg","E:\Linxi_Production_Archive\source_assets\backups\opening_sequence_20260614_210929\opening_frames\image__00002\frame_001.jpg","76366","5D8E3491D4DA49110F5901C6B19C00854173FE027106D647E113166CB04A27E0"
"backups/opening_sequence_20260614_210929/opening_frames/image__00002/frame_002.jpg","E:\Linxi_Production_Archive\source_assets\backups\opening_sequence_20260614_210929\opening_frames\image__00002\frame_002.jpg","79099","32BB075DF0531BEE91747888A0B029C2CB84B6FA6B10B7033FA3135AEB27F7CF"
"backups/opening_sequence_20260614_210929/opening_frames/image__00002/frame_003.jpg","E:\Linxi_Production_Archive\source_assets\backups\opening_sequence_20260614_210929\opening_frames\image__00002\frame_003.jpg","80614","3F2DA331A049D01EA25F0409AC86D8C82CAD532D7C0EF78B30ED9BF91649E638"
"backups/opening_sequence_20260614_210929/opening_frames/image__00002/frame_004.jpg","E:\Linxi_Production_Archive\source_assets\backups\opening_sequence_20260614_210929\opening_frames\image__00002\frame_004.jpg","80241","9C8CD565B917BB2F3FBE2F483FBBAE93DD302F814713D47C832EB93A9163C33D"
"backups/opening_sequence_20260614_210929/opening_frames/image__00002/frame_005.jpg","E:\Linxi_Production_Archive\source_assets\backups\opening_sequence_20260614_210929\opening_frames\image__00002\frame_005.jpg","81317","95BE9122FFC9D5AEA71EAA65CEF034D1BD90E127B5DB5601E06ED24C5EBEDC5E"
"backups/opening_sequence_20260614_210929/opening_frames/image__00002/frame_006.jpg","E:\Linxi_Production_Archive\source_assets\backups\opening_sequence_20260614_210929\opening_frames\image__00002\frame_006.jpg","78616","70D8C52EA42A259A24F71631D49FC12712FFF40AAD172059917FB0661FA99CD4"
"backups/opening_sequence_20260614_210929/opening_frames/image__00002/frame_007.jpg","E:\Linxi_Production_Archive\source_assets\backups\opening_sequence_20260614_210929\opening_frames\image__00002\frame_007.jpg","82419","C48FDB674821F1AEA10C39A7A66901D646C9F9CC4DE39962F1DC8B54C5242185"
"backups/opening_sequence_20260614_210929/opening_frames/image__00002/frame_008.jpg","E:\Linxi_Production_Archive\source_assets\backups\opening_sequence_20260614_210929\opening_frames\image__00002\frame_008.jpg","78385","8B47CB58D85C4B343B504B4069ADDC953A58DA67CAD51A926F84E7D80A32C7B2"
"backups/opening_sequence_20260614_210929/opening_frames/image__00002/frame_009.jpg","E:\Linxi_Production_Archive\source_assets\backups\opening_sequence_20260614_210929\opening_frames\image__00002\frame_009.jpg","78713","4437465BCA00C53823988F10DC5AD1E09A3378B841225642D71391CC996C1F5D"
"backups/opening_sequence_20260614_210929/opening_frames/image__00002/frame_010.jpg","E:\Linxi_Production_Archive\source_assets\backups\opening_sequence_20260614_210929\opening_frames\image__00002\frame_010.jpg","80890","3C1F739137B46AC754C862C1715A64C1E4BC412CF2FB2EAF99C1A90235B69CDC"
"backups/opening_sequence_20260614_210929/opening_frames/image__00002/frame_011.jpg","E:\Linxi_Production_Archive\source_assets\backups\opening_sequence_20260614_210929\opening_frames\image__00002\frame_011.jpg","82440","2A0450E12990394FB82C7A347305C8E583C3388ECA17E35F6C31FF2224E5FEAE"
"backups/opening_sequence_20260614_210929/opening_frames/image__00002/frame_012.jpg","E:\Linxi_Production_Archive\source_assets\backups\opening_sequence_20260614_210929\opening_frames\image__00002\frame_012.jpg","79633","683D139514E5961A92D05566F73D0D80AA5FFEA61D60619085DDFE9396D8AE53"
"backups/opening_sequence_20260614_210929/opening_frames/image__00002/frame_013.jpg","E:\Linxi_Production_Archive\source_assets\backups\opening_sequence_20260614_210929\opening_frames\image__00002\frame_013.jpg","83139","79D0CC25A5D49BFC6457C037807D53FE41E5D8BCB911A08D92CC7C85A0919C47"
"backups/opening_sequence_20260614_210929/opening_frames/image__00002/frame_014.jpg","E:\Linxi_Production_Archive\source_assets\backups\opening_sequence_20260614_210929\opening_frames\image__00002\frame_014.jpg","79761","0834A07FBE84DD6E41E746B373CD60E820EDD4AEE22A6D8F323F1716EA3A8830"
"backups/opening_sequence_20260614_210929/opening_frames/image__00002/frame_015.jpg","E:\Linxi_Production_Archive\source_assets\backups\opening_sequence_20260614_210929\opening_frames\image__00002\frame_015.jpg","80182","6098379249EA13895B95C85F9CDA1D63459BAD857AA308B685FD4FF60EB22FC5"
"backups/opening_sequence_20260614_210929/opening_frames/image__00002/frame_016.jpg","E:\Linxi_Production_Archive\source_assets\backups\opening_sequence_20260614_210929\opening_frames\image__00002\frame_016.jpg","79432","03E56379725C5E3C1C7BC4D574103538EF97F63876C1DA96E788C8306893B545"
"backups/opening_sequence_20260614_210929/opening_frames/image__00002/frame_017.jpg","E:\Linxi_Production_Archive\source_assets\backups\opening_sequence_20260614_210929\opening_frames\image__00002\frame_017.jpg","81648","A1E43E08E76A58BEC4AE1769CC8E8698A4CA183935DE3471AC9A03FEF3F258E3"
"backups/opening_sequence_20260614_210929/opening_frames/image__00002/frame_018.jpg","E:\Linxi_Production_Archive\source_assets\backups\opening_sequence_20260614_210929\opening_frames\image__00002\frame_018.jpg","76198","7099D7F52645B844EA476F767A7AC128170DCB6F1AA0F81E578B02E46610F170"
"backups/opening_sequence_20260614_210929/opening_frames/image__00002/frame_019.jpg","E:\Linxi_Production_Archive\source_assets\backups\opening_sequence_20260614_210929\opening_frames\image__00002\frame_019.jpg","77188","489746A53BE728572840A54D0318875AE4E83973879FC6D98755D6753F15F562"
"backups/opening_sequence_20260614_210929/opening_frames/image__00002/frame_020.jpg","E:\Linxi_Production_Archive\source_assets\backups\opening_sequence_20260614_210929\opening_frames\image__00002\frame_020.jpg","79189","167BABF2ADBB4CB7C6D1F5F9496DB6358ABC3C4CB078C733514B9CED4CCF95CF"
"backups/opening_sequence_20260614_210929/opening_frames/image__00002/frame_021.jpg","E:\Linxi_Production_Archive\source_assets\backups\opening_sequence_20260614_210929\opening_frames\image__00002\frame_021.jpg","79461","59563F3CC629736ECC240ACE471AEE8C14E330F32767ED62512334B0498FAAA4"
"backups/opening_sequence_20260614_210929/opening_frames/image__00002/frame_022.jpg","E:\Linxi_Production_Archive\source_assets\backups\opening_sequence_20260614_210929\opening_frames\image__00002\frame_022.jpg","78677","E7BAAD272832ADC1430B9FC61C51AA6B6C74BBF2AC9B6A82AD5F9920758A6401"
"backups/opening_sequence_20260614_210929/opening_frames/image__00002/frame_023.jpg","E:\Linxi_Production_Archive\source_assets\backups\opening_sequence_20260614_210929\opening_frames\image__00002\frame_023.jpg","77976","044D42E8468374E54D2BD59D2D51060640383F136EA0A0E3349F50BF0A26D259"
"backups/opening_sequence_20260614_210929/opening_frames/image__00002/frame_024.jpg","E:\Linxi_Production_Archive\source_assets\backups\opening_sequence_20260614_210929\opening_frames\image__00002\frame_024.jpg","78414","A79AC462A10CF83FDA5E0D10DD4A7C4828520410F64DDFE5D6D6EAE61D12BD45"
"backups/opening_sequence_20260614_210929/opening_frames/image__00002/frame_025.jpg","E:\Linxi_Production_Archive\source_assets\backups\opening_sequence_20260614_210929\opening_frames\image__00002\frame_025.jpg","81780","03EEE86809ADE6085C27A98D315F8EE211BF74CCBFC601158085133875500475"
"backups/opening_sequence_20260614_210929/opening_frames/image__00002/frame_026.jpg","E:\Linxi_Production_Archive\source_assets\backups\opening_sequence_20260614_210929\opening_frames\image__00002\frame_026.jpg","76856","1F696C3717E95CFFE69E38B46FC5E0423D41814C8DAC095AEA2A9DB056B8CC2F"
"backups/opening_sequence_20260614_210929/opening_frames/image__00002/frame_027.jpg","E:\Linxi_Production_Archive\source_assets\backups\opening_sequence_20260614_210929\opening_frames\image__00002\frame_027.jpg","79449","D2189BC0D800619478444448B5F7E3867834A70E106E21BAA14FA582078CA097"
"backups/opening_sequence_20260614_210929/opening_frames/image__00002/frame_028.jpg","E:\Linxi_Production_Archive\source_assets\backups\opening_sequence_20260614_210929\opening_frames\image__00002\frame_028.jpg","79295","9A07E192B44AA9E9C246F848D1086FBF8A41C9BDC136311BC6D03567AEC8DAA7"
"backups/opening_sequence_20260614_210929/opening_frames/image__00002/frame_029.jpg","E:\Linxi_Production_Archive\source_assets\backups\opening_sequence_20260614_210929\opening_frames\image__00002\frame_029.jpg","81118","CA3A1834F7FE895A844D446599BFDA5F3048EF10E450EEFEB746F3CE9AA3C167"
"backups/opening_sequence_20260614_210929/opening_frames/image__00002/frame_030.jpg","E:\Linxi_Production_Archive\source_assets\backups\opening_sequence_20260614_210929\opening_frames\image__00002\frame_030.jpg","78207","836C4D6E607FFF17F6F31CD5F05F7D7F636429F9F339D9C2DCCB79561F55DD1E"
"backups/opening_sequence_20260614_210929/opening_frames/image__00002/frame_031.jpg","E:\Linxi_Production_Archive\source_assets\backups\opening_sequence_20260614_210929\opening_frames\image__00002\frame_031.jpg","79973","75F7B254A35B91426FD97DEA774B52F05186C6242DD8E1BAED2F2E231DF839E6"
"backups/opening_sequence_20260614_210929/opening_frames/image__00002/frame_032.jpg","E:\Linxi_Production_Archive\source_assets\backups\opening_sequence_20260614_210929\opening_frames\image__00002\frame_032.jpg","80243","BC5C65931C9F01840E19A3E1C2A0E1DA39C34080F4FB2ECFD2AB81A1E0B2B770"
"backups/opening_sequence_20260614_210929/opening_frames/image__00002/frame_033.jpg","E:\Linxi_Production_Archive\source_assets\backups\opening_sequence_20260614_210929\opening_frames\image__00002\frame_033.jpg","81663","8215FF235FF37DD1E0E1B24826B64FA3010684B3294E9F870F5870FCDF761285"
"backups/opening_sequence_20260614_210929/opening_frames/image__00002/frame_034.jpg","E:\Linxi_Production_Archive\source_assets\backups\opening_sequence_20260614_210929\opening_frames\image__00002\frame_034.jpg","81764","3C2616725DA75DBF5B3F67EFE48D7A5C187E37273DB5DF30689F42EECAC1C025"
"backups/opening_sequence_20260614_210929/opening_frames/image__00002/frame_035.jpg","E:\Linxi_Production_Archive\source_assets\backups\opening_sequence_20260614_210929\opening_frames\image__00002\frame_035.jpg","81685","542D180CDDD0B125749C5E78CD9ED54B4B4F821D947705A80015078D45DE9295"
"backups/opening_sequence_20260614_210929/opening_frames/image__00002/frame_036.jpg","E:\Linxi_Production_Archive\source_assets\backups\opening_sequence_20260614_210929\opening_frames\image__00002\frame_036.jpg","80067","D4BD2D41183532146D1EB2D8A727ED7883D4606A9454DD657E28AACDAED89A06"
"backups/opening_sequence_20260614_210929/opening_frames/image__00002/frame_037.jpg","E:\Linxi_Production_Archive\source_assets\backups\opening_sequence_20260614_210929\opening_frames\image__00002\frame_037.jpg","82229","953E415CB41D92C83756D5A710DB0B930CB33D57D7F751539B6A563A625E0060"
"backups/opening_sequence_20260614_210929/opening_frames/image__00003/frame_001.jpg","E:\Linxi_Production_Archive\source_assets\backups\opening_sequence_20260614_210929\opening_frames\image__00003\frame_001.jpg","76435","1E993F7DE924729D86A3A59676BA96AB7E535B0221CAC62610BBC78C40A6C21F"
"backups/opening_sequence_20260614_210929/opening_frames/image__00003/frame_002.jpg","E:\Linxi_Production_Archive\source_assets\backups\opening_sequence_20260614_210929\opening_frames\image__00003\frame_002.jpg","83786","47E16662A36893953BBDEB8C3FEE9526D8F5C20DB89C45C8AF49DAA4EEB09543"
"backups/opening_sequence_20260614_210929/opening_frames/image__00003/frame_003.jpg","E:\Linxi_Production_Archive\source_assets\backups\opening_sequence_20260614_210929\opening_frames\image__00003\frame_003.jpg","83079","476DCD790FB124325A46C7E53262C24FD8F8C51EF8D0BC4CF5CF9AE121039862"
"backups/opening_sequence_20260614_210929/opening_frames/image__00003/frame_004.jpg","E:\Linxi_Production_Archive\source_assets\backups\opening_sequence_20260614_210929\opening_frames\image__00003\frame_004.jpg","87493","AF951AE0F055961C151B9A23ED8A607A0DC520C1070C44C7EE5D58AD036C891D"
"backups/opening_sequence_20260614_210929/opening_frames/image__00003/frame_005.jpg","E:\Linxi_Production_Archive\source_assets\backups\opening_sequence_20260614_210929\opening_frames\image__00003\frame_005.jpg","83460","6C5A08845C87704BF18D21D88304925AAD2D7CB155149D6F6E5322B04E12FCA2"
"backups/opening_sequence_20260614_210929/opening_frames/image__00003/frame_006.jpg","E:\Linxi_Production_Archive\source_assets\backups\opening_sequence_20260614_210929\opening_frames\image__00003\frame_006.jpg","89891","FA57FA4C78FC88EDCD58C660DB70D012EF8F354A4B5139DD7BB27AF5EE70FAFA"
"backups/opening_sequence_20260614_210929/opening_frames/image__00003/frame_007.jpg","E:\Linxi_Production_Archive\source_assets\backups\opening_sequence_20260614_210929\opening_frames\image__00003\frame_007.jpg","83721","07BD155A21BE83D28C9196745174B3604A3D6D6891D3BBEF75DA5FA5F32B2039"
"backups/opening_sequence_20260614_210929/opening_frames/image__00003/frame_008.jpg","E:\Linxi_Production_Archive\source_assets\backups\opening_sequence_20260614_210929\opening_frames\image__00003\frame_008.jpg","89426","8989FBEBFF51645DAB2DFF40BB080D0DD6E8803E12ECB27FFA017AE03EEF1D94"
"backups/opening_sequence_20260614_210929/opening_frames/image__00003/frame_009.jpg","E:\Linxi_Production_Archive\source_assets\backups\opening_sequence_20260614_210929\opening_frames\image__00003\frame_009.jpg","85658","7B5DB1ABE25E4BA218A5AE504043F649B8408DC0ED90FD3B35F368E27D27821B"
"backups/opening_sequence_20260614_210929/opening_frames/image__00003/frame_010.jpg","E:\Linxi_Production_Archive\source_assets\backups\opening_sequence_20260614_210929\opening_frames\image__00003\frame_010.jpg","90887","63BA9E1DAC0BDD502456CFD9A5142A9CDEE95DC5E0839EB77C9F34F80AEEF66B"
"backups/opening_sequence_20260614_210929/opening_frames/image__00003/frame_011.jpg","E:\Linxi_Production_Archive\source_assets\backups\opening_sequence_20260614_210929\opening_frames\image__00003\frame_011.jpg","85985","F1F4A92DEFF4AD3CAAFA1536ED07DACEBB8F7154A9FAC00373E21DDE2A2F5359"
"backups/opening_sequence_20260614_210929/opening_frames/image__00003/frame_012.jpg","E:\Linxi_Production_Archive\source_assets\backups\opening_sequence_20260614_210929\opening_frames\image__00003\frame_012.jpg","89363","A162DA7AF3CF3AEB37BAE3E978F9E3A6231EDDC8F8BF9AA1504C1996F6CD8B04"
"backups/opening_sequence_20260614_210929/opening_frames/image__00003/frame_013.jpg","E:\Linxi_Production_Archive\source_assets\backups\opening_sequence_20260614_210929\opening_frames\image__00003\frame_013.jpg","87651","5CCC13F1F3A9A0C55B29E977C42647C38062EB8B5A5DA8416FB7B0EBFE57789F"
"backups/opening_sequence_20260614_210929/opening_frames/image__00003/frame_014.jpg","E:\Linxi_Production_Archive\source_assets\backups\opening_sequence_20260614_210929\opening_frames\image__00003\frame_014.jpg","89175","47738538B88E0E548C956763FBBF40EC65D59C014B1FE953135C945B34CCF559"
"backups/opening_sequence_20260614_210929/opening_frames/image__00003/frame_015.jpg","E:\Linxi_Production_Archive\source_assets\backups\opening_sequence_20260614_210929\opening_frames\image__00003\frame_015.jpg","85419","E864320539D23EF60AA2BF1E0EFF8852E3A35550872240F48D70079532634A47"
"backups/opening_sequence_20260614_210929/opening_frames/image__00003/frame_016.jpg","E:\Linxi_Production_Archive\source_assets\backups\opening_sequence_20260614_210929\opening_frames\image__00003\frame_016.jpg","91747","6542D116DCD9078EDB0C20DBC832B589BC3BB34B0D22A9A06BF2EBF3DBCEFA86"
"backups/opening_sequence_20260614_210929/opening_frames/image__00003/frame_017.jpg","E:\Linxi_Production_Archive\source_assets\backups\opening_sequence_20260614_210929\opening_frames\image__00003\frame_017.jpg","83840","4614EB3F4F3D3EA1DFD6B08CAB1CE5A72558AE3C424803D269A368EEB4CFF7D8"
"backups/opening_sequence_20260614_210929/opening_frames/image__00003/frame_018.jpg","E:\Linxi_Production_Archive\source_assets\backups\opening_sequence_20260614_210929\opening_frames\image__00003\frame_018.jpg","89779","6DAE86A76162CDF08075C0B638C1588E2C02503C390E9C89FD57972ED808067D"
"backups/opening_sequence_20260614_210929/opening_frames/image__00003/frame_019.jpg","E:\Linxi_Production_Archive\source_assets\backups\opening_sequence_20260614_210929\opening_frames\image__00003\frame_019.jpg","85872","7C003FD3422D499E2BBE650B126CC9CF95CCD678079B3FE995434A10744A305A"
"backups/opening_sequence_20260614_210929/opening_frames/image__00003/frame_020.jpg","E:\Linxi_Production_Archive\source_assets\backups\opening_sequence_20260614_210929\opening_frames\image__00003\frame_020.jpg","88687","CEDE5E1B2AF73BB2D6C6DD97F57583F8661A784ACACEDAA277BA00DD11FC5258"
"backups/opening_sequence_20260614_210929/opening_frames/image__00003/frame_021.jpg","E:\Linxi_Production_Archive\source_assets\backups\opening_sequence_20260614_210929\opening_frames\image__00003\frame_021.jpg","86121","C4FB234E96B00015A1C3F5E02B0D87915AADD3101D351C7FFC04E90F147E064E"
"backups/opening_sequence_20260614_210929/opening_frames/image__00003/frame_022.jpg","E:\Linxi_Production_Archive\source_assets\backups\opening_sequence_20260614_210929\opening_frames\image__00003\frame_022.jpg","88985","BB6698350F051559E1F4121115F96CBF9470C27B3DBD6C6EA34A8AA9052F274C"
"backups/opening_sequence_20260614_210929/opening_frames/image__00003/frame_023.jpg","E:\Linxi_Production_Archive\source_assets\backups\opening_sequence_20260614_210929\opening_frames\image__00003\frame_023.jpg","85025","34B4977B3FFEA435CEE5CAA4A1221714AB5E1D69958CD0FD03201138805D34E6"
"backups/opening_sequence_20260614_210929/opening_frames/image__00003/frame_024.jpg","E:\Linxi_Production_Archive\source_assets\backups\opening_sequence_20260614_210929\opening_frames\image__00003\frame_024.jpg","88819","F6F598236971F2F0B9B349C2A8108C6CDCD9B719C1E50137A98C18528F8C169F"
"backups/opening_sequence_20260614_210929/opening_frames/image__00003/frame_025.jpg","E:\Linxi_Production_Archive\source_assets\backups\opening_sequence_20260614_210929\opening_frames\image__00003\frame_025.jpg","87978","71D9D269141AF1BFCFE16194C36D7153DCBB99C576D55145355E0A5861C15510"
"backups/opening_sequence_20260614_210929/opening_frames/image__00003/frame_026.jpg","E:\Linxi_Production_Archive\source_assets\backups\opening_sequence_20260614_210929\opening_frames\image__00003\frame_026.jpg","90611","5B36BDB070760C2368F8412B6FF986C90098FD3F73A98F456C72F8807643F55C"
"backups/opening_sequence_20260614_210929/opening_frames/image__00003/frame_027.jpg","E:\Linxi_Production_Archive\source_assets\backups\opening_sequence_20260614_210929\opening_frames\image__00003\frame_027.jpg","83899","0AB8192155608C91542C2521538718C10F87FF01DC4F7A870C3268155D1C4EC2"
"backups/opening_sequence_20260614_210929/opening_frames/image__00003/frame_028.jpg","E:\Linxi_Production_Archive\source_assets\backups\opening_sequence_20260614_210929\opening_frames\image__00003\frame_028.jpg","88887","2F58A7CDDB3D86DA461E4B9DBECB221C68A1C5D328822681C0D8E0FD006670A7"
"backups/opening_sequence_20260614_210929/opening_frames/image__00003/frame_029.jpg","E:\Linxi_Production_Archive\source_assets\backups\opening_sequence_20260614_210929\opening_frames\image__00003\frame_029.jpg","83203","18FA384EE9052A7AAF06041817B3E08CB11B085A3563F85D709A76CA61EEB1F1"
"backups/opening_sequence_20260614_210929/opening_frames/image__00003/frame_030.jpg","E:\Linxi_Production_Archive\source_assets\backups\opening_sequence_20260614_210929\opening_frames\image__00003\frame_030.jpg","90317","677988FA86255C55F1173DA2AD849CD232680D12418CA81CD8740D442563277D"
"backups/opening_sequence_20260614_210929/opening_frames/image__00003/frame_031.jpg","E:\Linxi_Production_Archive\source_assets\backups\opening_sequence_20260614_210929\opening_frames\image__00003\frame_031.jpg","88347","1E9F37022578B816EBD81B00CB5D0DB9B310B71C9861C59D9F766B3A6F02C668"
"backups/opening_sequence_20260614_210929/opening_frames/image__00003/frame_032.jpg","E:\Linxi_Production_Archive\source_assets\backups\opening_sequence_20260614_210929\opening_frames\image__00003\frame_032.jpg","93861","63D3711E8D9C4C7BDB798919CFABA4DE7335E765EF2905DA188B76888A393E22"
"backups/opening_sequence_20260614_210929/opening_frames/image__00003/frame_033.jpg","E:\Linxi_Production_Archive\source_assets\backups\opening_sequence_20260614_210929\opening_frames\image__00003\frame_033.jpg","85059","14CC8D09D898CC90AC3092BF6F8E2826BB0A598B9FEC5277224C6905346E5AA3"
"backups/opening_sequence_20260614_210929/opening_frames/image__00003/frame_034.jpg","E:\Linxi_Production_Archive\source_assets\backups\opening_sequence_20260614_210929\opening_frames\image__00003\frame_034.jpg","89333","A702384602A7882EDF0AD8976A7B32A0EE644A3A8D440CBC4CDA508643F74101"
"backups/opening_sequence_20260614_210929/opening_frames/image__00003/frame_035.jpg","E:\Linxi_Production_Archive\source_assets\backups\opening_sequence_20260614_210929\opening_frames\image__00003\frame_035.jpg","80570","C87D45D541E3D1071CD6204776338C5799FE6638A0B18433329F56AE450F26F3"
"backups/opening_sequence_20260614_210929/opening_frames/image__00003/frame_036.jpg","E:\Linxi_Production_Archive\source_assets\backups\opening_sequence_20260614_210929\opening_frames\image__00003\frame_036.jpg","87738","0A788511DDCACE0D6B6AF31FE98215FE6F70333A00745D6E2E423C5097FB9DE6"
"backups/opening_sequence_20260614_210929/opening_frames/image__00003/frame_037.jpg","E:\Linxi_Production_Archive\source_assets\backups\opening_sequence_20260614_210929\opening_frames\image__00003\frame_037.jpg","82117","933578209A5F4C039D07B4F179230C06B21E8CEFC8C95BD6B06B782F692682F6"
"backups/opening_sequence_20260614_210929/opening_frames/image__00003/frame_038.jpg","E:\Linxi_Production_Archive\source_assets\backups\opening_sequence_20260614_210929\opening_frames\image__00003\frame_038.jpg","89406","E7D859C5FD34D6DC56F66A4EB155B06E5E9EB24D24E427F52942BF6EF6123FB0"
"backups/opening_sequence_20260614_210929/opening_frames/image__00004/frame_001.jpg","E:\Linxi_Production_Archive\source_assets\backups\opening_sequence_20260614_210929\opening_frames\image__00004\frame_001.jpg","123246","351277F5F48E834A7D866299042EC20B7C095DE0AAA9375454176910635B578B"
"backups/opening_sequence_20260614_210929/opening_frames/image__00004/frame_002.jpg","E:\Linxi_Production_Archive\source_assets\backups\opening_sequence_20260614_210929\opening_frames\image__00004\frame_002.jpg","123378","6935DED7DECD75FD47D0E8568242BBB5BE5C46C02E5C6315303C02D6E744C664"
"backups/opening_sequence_20260614_210929/opening_frames/image__00004/frame_003.jpg","E:\Linxi_Production_Archive\source_assets\backups\opening_sequence_20260614_210929\opening_frames\image__00004\frame_003.jpg","124876","518C0973CA41B2AD5DFA0A9FC0F090F6C9079CE13EBA71715676BA2BBEECBF3F"
"backups/opening_sequence_20260614_210929/opening_frames/image__00004/frame_004.jpg","E:\Linxi_Production_Archive\source_assets\backups\opening_sequence_20260614_210929\opening_frames\image__00004\frame_004.jpg","125108","3FAB59E2AF495965C725AFFD71D38E76B97BCC15A466774F2222DDE74C0B142A"
"backups/opening_sequence_20260614_210929/opening_frames/image__00004/frame_005.jpg","E:\Linxi_Production_Archive\source_assets\backups\opening_sequence_20260614_210929\opening_frames\image__00004\frame_005.jpg","126326","8D9EFE4B2C5B461A40FDB578167CC72E5DCAE6525031353648FA0336F41934E7"
"backups/opening_sequence_20260614_210929/opening_frames/image__00004/frame_006.jpg","E:\Linxi_Production_Archive\source_assets\backups\opening_sequence_20260614_210929\opening_frames\image__00004\frame_006.jpg","125920","0E1A69A7A10411BB532D98D79093CF2139FFA41B28C697819A0DF0D6B74C990B"
"backups/opening_sequence_20260614_210929/opening_frames/image__00004/frame_007.jpg","E:\Linxi_Production_Archive\source_assets\backups\opening_sequence_20260614_210929\opening_frames\image__00004\frame_007.jpg","124308","8C7917DA4B2633CF55F3AB8BAF265C7C64CAD480CB8C356187EA8A4707018533"
"backups/opening_sequence_20260614_210929/opening_frames/image__00004/frame_008.jpg","E:\Linxi_Production_Archive\source_assets\backups\opening_sequence_20260614_210929\opening_frames\image__00004\frame_008.jpg","124868","DB116DF93524B66A650B050125EB664093062C0FF8EE10B6A4902AF9673B39CA"
"backups/opening_sequence_20260614_210929/opening_frames/image__00004/frame_009.jpg","E:\Linxi_Production_Archive\source_assets\backups\opening_sequence_20260614_210929\opening_frames\image__00004\frame_009.jpg","124999","21D39620A14FC55A69B0CCEB30916F0648FD92DA159FFAF756A18CF89CF8D876"
"backups/opening_sequence_20260614_210929/opening_frames/image__00004/frame_010.jpg","E:\Linxi_Production_Archive\source_assets\backups\opening_sequence_20260614_210929\opening_frames\image__00004\frame_010.jpg","122938","9BF1C2DDBC40353FB108C1ED3F2DFA07C60B07A34E77A03F974359CEAA7AD7BC"
"backups/opening_sequence_20260614_210929/opening_frames/image__00004/frame_011.jpg","E:\Linxi_Production_Archive\source_assets\backups\opening_sequence_20260614_210929\opening_frames\image__00004\frame_011.jpg","122776","99B5A1C4B6EDB643BD3A9F1250CBD6A0DC1CB6DA45C1B8B0B4F3F420DA066F26"
"backups/opening_sequence_20260614_210929/opening_frames/image__00004/frame_012.jpg","E:\Linxi_Production_Archive\source_assets\backups\opening_sequence_20260614_210929\opening_frames\image__00004\frame_012.jpg","123303","4C41B71C3BCB46307CDFB02BEB02D7264B5F53B175A7A2D41E3675B531D71B4E"
"backups/opening_sequence_20260614_210929/opening_frames/image__00004/frame_013.jpg","E:\Linxi_Production_Archive\source_assets\backups\opening_sequence_20260614_210929\opening_frames\image__00004\frame_013.jpg","120265","6F75037DA792B290D12D1498A6E05EC8892DF6786BA7FE76F0B2B54392FA0A85"
"backups/opening_sequence_20260614_210929/opening_frames/image__00004/frame_014.jpg","E:\Linxi_Production_Archive\source_assets\backups\opening_sequence_20260614_210929\opening_frames\image__00004\frame_014.jpg","119788","5C6E6E5206C0DA4995840A121238F7335B24F95E4D8B918852F068D6941D7DE8"
"backups/opening_sequence_20260614_210929/opening_frames/image__00004/frame_015.jpg","E:\Linxi_Production_Archive\source_assets\backups\opening_sequence_20260614_210929\opening_frames\image__00004\frame_015.jpg","117568","C31F3B10622F9531DA08092F8CF9CFF76A0EAD60A5B8CA6CA14EB3ED6DA3B9B8"
"backups/opening_sequence_20260614_210929/opening_frames/image__00004/frame_016.jpg","E:\Linxi_Production_Archive\source_assets\backups\opening_sequence_20260614_210929\opening_frames\image__00004\frame_016.jpg","116721","6E1673CA4B5E8247470BA4C03BED9858FE7BE1E768E82D2291594F80A8B385AF"
"backups/opening_sequence_20260614_210929/opening_frames/image__00004/frame_017.jpg","E:\Linxi_Production_Archive\source_assets\backups\opening_sequence_20260614_210929\opening_frames\image__00004\frame_017.jpg","115215","337A9D3C37681D701037D1AD6339B6569A177068BE6895700822F6B42008E5EE"
"backups/opening_sequence_20260614_210929/opening_frames/image__00004/frame_018.jpg","E:\Linxi_Production_Archive\source_assets\backups\opening_sequence_20260614_210929\opening_frames\image__00004\frame_018.jpg","112596","4CCD87875F037470142B9B6CE3D10DA937BF6489AD6E1ACE5627F27626E5D6B6"
"backups/opening_sequence_20260614_210929/opening_frames/image__00004/frame_019.jpg","E:\Linxi_Production_Archive\source_assets\backups\opening_sequence_20260614_210929\opening_frames\image__00004\frame_019.jpg","112257","F62E50322B1EE3F84DB01353BA265D8580F38FFF51618AA552E089643F569796"
"backups/opening_sequence_20260614_210929/opening_frames/image__00004/frame_020.jpg","E:\Linxi_Production_Archive\source_assets\backups\opening_sequence_20260614_210929\opening_frames\image__00004\frame_020.jpg","110462","531120BDC48956732B2C5064292B599B681B27E39E06E3A71678B6EA1AFAD8B3"
"backups/opening_sequence_20260614_210929/opening_frames/image__00004/frame_021.jpg","E:\Linxi_Production_Archive\source_assets\backups\opening_sequence_20260614_210929\opening_frames\image__00004\frame_021.jpg","112649","DF0C2A26D47F87E2521B070301C4427EF8AA0B69E2FCB6018A4D9E5AEC4A0C06"
"backups/opening_sequence_20260614_210929/opening_frames/image__00004/frame_022.jpg","E:\Linxi_Production_Archive\source_assets\backups\opening_sequence_20260614_210929\opening_frames\image__00004\frame_022.jpg","111036","EEF1AEB78618EDC02D403F23AFB901402DE5B0CB8E0E2E39BEEAE7675D98F672"
"backups/opening_sequence_20260614_210929/opening_frames/image__00004/frame_023.jpg","E:\Linxi_Production_Archive\source_assets\backups\opening_sequence_20260614_210929\opening_frames\image__00004\frame_023.jpg","109379","0CECA061E30A7C2125A518F631D1A6C0B784EA110700E70CA11256A49098C37B"
"backups/opening_sequence_20260614_210929/opening_frames/image__00004/frame_024.jpg","E:\Linxi_Production_Archive\source_assets\backups\opening_sequence_20260614_210929\opening_frames\image__00004\frame_024.jpg","107102","8F495FDCB3C6BC5E40BA61937687BE1B27E0495B5818536AD5B40013536F1D3A"
"backups/opening_sequence_20260614_210929/opening_frames/image__00004/frame_025.jpg","E:\Linxi_Production_Archive\source_assets\backups\opening_sequence_20260614_210929\opening_frames\image__00004\frame_025.jpg","96264","4942D24C329F13DB164215F421166710CE8378182B5AA6589DF3F9BD0DA846FD"
"backups/opening_sequence_20260614_210929/opening_frames/image__00007/frame_001.jpg","E:\Linxi_Production_Archive\source_assets\backups\opening_sequence_20260614_210929\opening_frames\image__00007\frame_001.jpg","92566","C1C8DE80EA94E033EA50F0445EF570781F9DB8E481080543C67A5BDD4AB25F45"
"backups/opening_sequence_20260614_210929/opening_frames/image__00007/frame_002.jpg","E:\Linxi_Production_Archive\source_assets\backups\opening_sequence_20260614_210929\opening_frames\image__00007\frame_002.jpg","95356","7227E394754E560AFD0871AD1770963E83B636D4EA3D301F32CF3DADB9360FD8"
"backups/opening_sequence_20260614_210929/opening_frames/image__00007/frame_003.jpg","E:\Linxi_Production_Archive\source_assets\backups\opening_sequence_20260614_210929\opening_frames\image__00007\frame_003.jpg","97450","6EB4ADB2648E99969634EE65ABD8FBA83E862161D1995A770D2D46AC438C5DF1"
"backups/opening_sequence_20260614_210929/opening_frames/image__00007/frame_004.jpg","E:\Linxi_Production_Archive\source_assets\backups\opening_sequence_20260614_210929\opening_frames\image__00007\frame_004.jpg","92455","84E5BD713D49EF24C13B9B595302E3A05D95B8B3CE1E004F1969440681A4BE41"
"backups/opening_sequence_20260614_210929/opening_frames/image__00007/frame_005.jpg","E:\Linxi_Production_Archive\source_assets\backups\opening_sequence_20260614_210929\opening_frames\image__00007\frame_005.jpg","94250","E45D47D2206FA2CE977B6AD048698056D38EFB8B88904DC6574DC8DB4ABF2648"
"backups/opening_sequence_20260614_210929/opening_frames/image__00007/frame_006.jpg","E:\Linxi_Production_Archive\source_assets\backups\opening_sequence_20260614_210929\opening_frames\image__00007\frame_006.jpg","95979","54F58D6F6F4A87189A75C8E4986708CA5152DEBF9A00507A43F5FC16B900E2C6"
"backups/opening_sequence_20260614_210929/opening_frames/image__00007/frame_007.jpg","E:\Linxi_Production_Archive\source_assets\backups\opening_sequence_20260614_210929\opening_frames\image__00007\frame_007.jpg","97946","6B584F32C7A7357ED2CF548247192FD3CF969CF4845503D6D7A205759CFCAAF9"
"backups/opening_sequence_20260614_210929/opening_frames/image__00007/frame_008.jpg","E:\Linxi_Production_Archive\source_assets\backups\opening_sequence_20260614_210929\opening_frames\image__00007\frame_008.jpg","95522","5AABF3E2DC552EB2A67D27F45B011B22EB2EEA625D03D661361E00A44125276D"
"backups/opening_sequence_20260614_210929/opening_frames/image__00007/frame_009.jpg","E:\Linxi_Production_Archive\source_assets\backups\opening_sequence_20260614_210929\opening_frames\image__00007\frame_009.jpg","97194","22F8C8485B66ED1212A759CBF185B410F25299D29A794436D1FF222F8C5186CB"
"backups/opening_sequence_20260614_210929/opening_frames/image__00007/frame_010.jpg","E:\Linxi_Production_Archive\source_assets\backups\opening_sequence_20260614_210929\opening_frames\image__00007\frame_010.jpg","99982","F70A97E1959A2C4E504121E49D2C557C053870B1517E5BCC5A0D90B03ACF9848"
"backups/opening_sequence_20260614_210929/opening_frames/image__00007/frame_011.jpg","E:\Linxi_Production_Archive\source_assets\backups\opening_sequence_20260614_210929\opening_frames\image__00007\frame_011.jpg","101433","7E15281C496B74B3B8C34C14879AF67C0C819D063AD73FE42E1DB597AB728531"
"backups/opening_sequence_20260614_210929/opening_frames/image__00007/frame_012.jpg","E:\Linxi_Production_Archive\source_assets\backups\opening_sequence_20260614_210929\opening_frames\image__00007\frame_012.jpg","97095","1E4A0CED849ABEF64D9EC07DE88BF2D5C50418DB8CC85239F111E47B8FABDE41"
"backups/opening_sequence_20260614_210929/opening_frames/image__00007/frame_013.jpg","E:\Linxi_Production_Archive\source_assets\backups\opening_sequence_20260614_210929\opening_frames\image__00007\frame_013.jpg","100903","AABDE9A9C1B807865F36019E842CED9D8AE57C898DFB0D00769C5B7BE5925B87"
"backups/opening_sequence_20260614_210929/opening_frames/image__00007/frame_014.jpg","E:\Linxi_Production_Archive\source_assets\backups\opening_sequence_20260614_210929\opening_frames\image__00007\frame_014.jpg","100911","77D9E587A3DBAEF5FD3AEF1D3B73FF30AAA26BC819938E6DBC1138BF398D8DA8"
"backups/opening_sequence_20260614_210929/opening_frames/image__00007/frame_015.jpg","E:\Linxi_Production_Archive\source_assets\backups\opening_sequence_20260614_210929\opening_frames\image__00007\frame_015.jpg","103265","EC29A32FAEE656AF1608721D9FBF6B92DF61B7E469364CE8214A184E8594C0E7"
"backups/opening_sequence_20260614_210929/opening_frames/image__00007/frame_016.jpg","E:\Linxi_Production_Archive\source_assets\backups\opening_sequence_20260614_210929\opening_frames\image__00007\frame_016.jpg","100941","099ECC453B9914F8CA2A53D8C5FE4615D09BA7D9AC6B13C20FDB6964BF394002"
"backups/opening_sequence_20260614_210929/opening_frames/image__00007/frame_017.jpg","E:\Linxi_Production_Archive\source_assets\backups\opening_sequence_20260614_210929\opening_frames\image__00007\frame_017.jpg","103571","31BDB7A6FF78064443548CBF83848761ED2BD10E02A46E48DB7F0D993BEF2C69"
"backups/opening_sequence_20260614_210929/opening_frames/image__00007/frame_018.jpg","E:\Linxi_Production_Archive\source_assets\backups\opening_sequence_20260614_210929\opening_frames\image__00007\frame_018.jpg","105175","B0534CC1D2D6CFCD8252B7CC882DC4575340E94DF5A49E5805B053EA4313E870"
"backups/opening_sequence_20260614_210929/opening_frames/image__00007/frame_019.jpg","E:\Linxi_Production_Archive\source_assets\backups\opening_sequence_20260614_210929\opening_frames\image__00007\frame_019.jpg","105839","B915340B6ACF47184EDE9A95B583098710DCD2500B6753BE9A09C2417F902FC8"
"backups/opening_sequence_20260614_210929/opening_frames/image__00007/frame_020.jpg","E:\Linxi_Production_Archive\source_assets\backups\opening_sequence_20260614_210929\opening_frames\image__00007\frame_020.jpg","106724","D971600E2B64CCBA73461E5DB633D1A7F90AC20204989A94C01F537C6E518B04"
"backups/opening_sequence_20260614_210929/opening_frames/image__00007/frame_021.jpg","E:\Linxi_Production_Archive\source_assets\backups\opening_sequence_20260614_210929\opening_frames\image__00007\frame_021.jpg","103616","BE8DD857C4B570AF4CB063E62ECAA6B04977D3878E7014F8F72F4D6B0DC035E2"
"backups/opening_sequence_20260614_210929/opening_frames/image__00007/frame_022.jpg","E:\Linxi_Production_Archive\source_assets\backups\opening_sequence_20260614_210929\opening_frames\image__00007\frame_022.jpg","106832","A55ABBE2C7929F7A8214A125899B9155DB62A69BB72BC71D784D2F507B5D3FC3"
"backups/opening_sequence_20260614_210929/opening_frames/image__00007/frame_023.jpg","E:\Linxi_Production_Archive\source_assets\backups\opening_sequence_20260614_210929\opening_frames\image__00007\frame_023.jpg","102213","FB57FA90A2E23F9E069A3A5477128B67C54BADDC8F482E6EC230AD56C9FE02EE"
"backups/opening_sequence_20260614_210929/opening_frames/image__00007/frame_024.jpg","E:\Linxi_Production_Archive\source_assets\backups\opening_sequence_20260614_210929\opening_frames\image__00007\frame_024.jpg","96701","372C77E78F345338FD66ABA8A95FB9C0CF892D4B2F8F2F7F11B9B6F4792129BF"
"backups/opening_sequence_20260614_210929/opening_frames/image__00007/frame_025.jpg","E:\Linxi_Production_Archive\source_assets\backups\opening_sequence_20260614_210929\opening_frames\image__00007\frame_025.jpg","97919","41FFC42B6EEF041545317ADC7A1116325410A71CA61BB1289B6F0D17338DFC6F"
"characters/linxi_g_mode/exoskeleton_concepts/g_mode_exoskeleton_brief.md","E:\Linxi_Production_Archive\source_assets\characters\linxi_g_mode\exoskeleton_concepts\g_mode_exoskeleton_brief.md","2310","3004CE5D3276418B0C81D695AC77EFBC60D4405A66D83A14EE251351BB51EEEE"
"characters/linxi_g_mode/exoskeleton_concepts/linxi_g_mode_biomass_exoskeleton_concept_v1.png","E:\Linxi_Production_Archive\source_assets\characters\linxi_g_mode\exoskeleton_concepts\linxi_g_mode_biomass_exoskeleton_concept_v1.png","2352033","E33C18FE924A645E68A7E55221BAF3C3B515F880A0FD30E53CA04B721C9151B7"
"characters/linxi_g_mode/exoskeleton_concepts/linxi_g_mode_biomass_exoskeleton_concept_v2.png","E:\Linxi_Production_Archive\source_assets\characters\linxi_g_mode\exoskeleton_concepts\linxi_g_mode_biomass_exoskeleton_concept_v2.png","2383165","CD3C0F41C38873C4EDE1DCADFB537B24D9A06D3784B46CF1FF9D0429AEC9486F"
"characters/linxi_g_mode/exoskeleton_concepts/linxi_g_mode_biomass_exoskeleton_concept_v3_black_filament.png","E:\Linxi_Production_Archive\source_assets\characters\linxi_g_mode\exoskeleton_concepts\linxi_g_mode_biomass_exoskeleton_concept_v3_black_filament.png","1766349","D328352EA196DE717B63B10BCCF4CB766ADC4BDD356367652738F932C84BFAA7"
"characters/linxi_g_mode/exoskeleton_concepts/linxi_g_mode_biomass_exoskeleton_concept_v4_black_filament_suit.png","E:\Linxi_Production_Archive\source_assets\characters\linxi_g_mode\exoskeleton_concepts\linxi_g_mode_biomass_exoskeleton_concept_v4_black_filament_suit.png","1831086","70A7E43621644DFBF4D23BF8D31A8E5B46F5D959C49CC3EA5DBA0486A0A5CF74"
"characters/linxi_g_mode/exoskeleton_concepts/linxi_g_mode_biomass_exoskeleton_concept_v5_expanded_mesh_filament.png","E:\Linxi_Production_Archive\source_assets\characters\linxi_g_mode\exoskeleton_concepts\linxi_g_mode_biomass_exoskeleton_concept_v5_expanded_mesh_filament.png","2352383","7E8163E6902566AAF45AAD102A21131D97388F2BA516AD410DF06851ED63F710"
"characters/linxi_human_opening/ComfyUI needed art - Human Linxi opening.md","E:\Linxi_Production_Archive\source_assets\characters\linxi_human_opening\ComfyUI needed art - Human Linxi opening.md","2452","83BE20B6926D41B8D116C68BC2306194739C3A3FF1CEE0FE7343CE0CEE243A6B"
"characters/linxi_human_opening/ComfyUI_temp_ayzfv_00008_.png","E:\Linxi_Production_Archive\source_assets\characters\linxi_human_opening\ComfyUI_temp_ayzfv_00008_.png","1587062","C37CF0786227735859450641715D08F51ABA4B4F58E05719AACF61B4C7DF351E"
"characters/linxi_human_opening/ComfyUI_temp_ayzfv_00010_.png","E:\Linxi_Production_Archive\source_assets\characters\linxi_human_opening\ComfyUI_temp_ayzfv_00010_.png","1614088","F41ACA74833B99B20708752DD6C0F6455B9703E8BBF93BD85C4E040B3EF059AE"
"characters/linxi_human_opening/ComfyUI_temp_ayzfv_00012_.png","E:\Linxi_Production_Archive\source_assets\characters\linxi_human_opening\ComfyUI_temp_ayzfv_00012_.png","1659647","6AFD94100D1F66A25F5DCC0204C28434E39F6A1152BD32700DA61CF954D9F5A1"
"characters/linxi_human_opening/ComfyUI_temp_ayzfv_00013_.png","E:\Linxi_Production_Archive\source_assets\characters\linxi_human_opening\ComfyUI_temp_ayzfv_00013_.png","1562257","A4826946749D590FB3BB9C2FA811E62EFB23377853D687A019B714FD4D797B21"
"characters/linxi_human_opening/human_linxi_opening_concept_sheet.png","E:\Linxi_Production_Archive\source_assets\characters\linxi_human_opening\human_linxi_opening_concept_sheet.png","2036437","81CAB44915EA0C1DB13AB76FB1E68AC2A23B3CB4F7F2BF9848F1C30073FE9AD3"
"characters/linxi_human_opening/human_linxi_opening_rooftop_concept_sheet.png","E:\Linxi_Production_Archive\source_assets\characters\linxi_human_opening\human_linxi_opening_rooftop_concept_sheet.png","2208307","8592AF6CB27F311416BAE5BE355098A73E41D120EF1882EB1BFBC3EB63800A82"
"characters/linxi_human_opening/linxi.png","E:\Linxi_Production_Archive\source_assets\characters\linxi_human_opening\linxi.png","1752072","8BF30B26CA70F1BDDCE454D7B52E1A0F38F9A34F8A066E10A58F7B558F0B0C0C"
"characters/linxi_human_opening/linxi_human_opening_floating_air.png","E:\Linxi_Production_Archive\source_assets\characters\linxi_human_opening\linxi_human_opening_floating_air.png","1804204","CA964E2ED600AF2C3FE6AF54AA138B1C439E573AD2F6144B75002C84AD54397B"
"characters/linxi_human_opening/linxi_human_opening_floating_air_satellite_ground.png","E:\Linxi_Production_Archive\source_assets\characters\linxi_human_opening\linxi_human_opening_floating_air_satellite_ground.png","2142135","BAA994EF9C38EE9FEC8F6ED515DE0481B5C7119E2ED0D78B5FCEFCE2980E8C8D"
"characters/linxi_human_opening/linxi_human_opening_floating_between_buildings.png","E:\Linxi_Production_Archive\source_assets\characters\linxi_human_opening\linxi_human_opening_floating_between_buildings.png","2231539","C634DC712703C9073FD59C641D4EA45CE17399E86A71B43B2726584E242F1D47"
"characters/linxi_human_opening/linxi_human_opening_lying_flat_ground.png","E:\Linxi_Production_Archive\source_assets\characters\linxi_human_opening\linxi_human_opening_lying_flat_ground.png","2244269","22E016B8557D9485D4D40A01DC9AC882956A67F33FC9326CF34207DC76EB7DC8"
"characters/linxi_human_opening/linxi_human_opening_vertical_fall_between_buildings.png","E:\Linxi_Production_Archive\source_assets\characters\linxi_human_opening\linxi_human_opening_vertical_fall_between_buildings.png","2082790","E0ED728ACE5EEAD3772C2C4202EC9C7143B9E702E2EB7D444A6C92178CC81691"
"characters/linxi_human_opening/linxi_human_opening_vertical_fall_school_campus.png","E:\Linxi_Production_Archive\source_assets\characters\linxi_human_opening\linxi_human_opening_vertical_fall_school_campus.png","2141666","3FE6CE5569C9E6DACAD9E16462BC6E9F9FC16AD335C495B964DFAFBC592F459F"
"characters/linxi_model_refresh/human_linxi_memory_room_reference_crop.png","E:\Linxi_Production_Archive\source_assets\characters\linxi_model_refresh\human_linxi_memory_room_reference_crop.png","121619","FA45755CFABDC22B202377CD21FF3F71B7B8AABCC409306D8D952860D01A6045"
"characters/linxi_t_early/ComfyUI_00020_.png.import","E:\Linxi_Production_Archive\source_assets\characters\linxi_t_early\ComfyUI_00020_.png.import","984","43DDD341102B61B12E590E3DBA0903E6859B25A28688E2661ACD3D3E5773890B"
"characters/linxi_t_early/ComfyUI_00021_.png","E:\Linxi_Production_Archive\source_assets\characters\linxi_t_early\ComfyUI_00021_.png","622778","8F7DEC3E5B7A1A692C6CD51AAA7EF5DBAFBFCFB477848531C32A3AF1109579F2"
"characters/linxi_t_early/ComfyUI_00022_.png","E:\Linxi_Production_Archive\source_assets\characters\linxi_t_early\ComfyUI_00022_.png","566798","3B9B1BE5F1CBB54AEE640B46B58A7F85C5C72D2CEF9F5CCFBF3A48643C8C401A"
"characters/linxi_t_early/ComfyUI_00024_.png","E:\Linxi_Production_Archive\source_assets\characters\linxi_t_early\ComfyUI_00024_.png","543328","DF75ACE52336FC3EF2D68B305852ABBD37812E72B666B5E9B7B4C3CD64F3F7BC"
"characters/linxi_t_early/ComfyUI_00025_.png","E:\Linxi_Production_Archive\source_assets\characters\linxi_t_early\ComfyUI_00025_.png","635096","265C4CDEF35C1D290865E8C413570ED9E7DA95F67760A7A72D1553646AF3EAC2"
"characters/linxi_t_early/flux2_turnaround_klein__00001_.png","E:\Linxi_Production_Archive\source_assets\characters\linxi_t_early\flux2_turnaround_klein__00001_.png","1150969","8E1430E51D135E3674436612EB1952DAA63705FEF82F644210DAA4E6AB64E1C0"
"characters/linxi_t_early/flux2_turnaround_klein__00002_.png","E:\Linxi_Production_Archive\source_assets\characters\linxi_t_early\flux2_turnaround_klein__00002_.png","568026","CABDE6A06D45FDBB1B5F442A75A2F3DE080B5ECF5F3200E4DF31BE0CBC715C05"
"characters/linxi_t_early/flux2_turnaround_v1__00001_.png","E:\Linxi_Production_Archive\source_assets\characters\linxi_t_early\flux2_turnaround_v1__00001_.png","715859","1A43AAD627DD7E387D404DCE393573D88B5DABD16A554C1D94C2933559A0393C"
"characters/linxi_t_early/flux2_turnaround_v1__00002_.png","E:\Linxi_Production_Archive\source_assets\characters\linxi_t_early\flux2_turnaround_v1__00002_.png","566757","55DC4C0FE15F425D97F3A3180D6DCE448ECBDC91A714FF9E34A200C49735AD18"
"characters/linxi_t_early/identity_candidate__00003_.png","E:\Linxi_Production_Archive\source_assets\characters\linxi_t_early\identity_candidate__00003_.png","1339282","80013BA0D299A7F3007937A3C404F01B528581936530C1BD8D3E7DAE5200E146"
"characters/linxi_t_early/identity_candidate__00004_.png","E:\Linxi_Production_Archive\source_assets\characters\linxi_t_early\identity_candidate__00004_.png","1027738","E0D4F476CD9F8EB500D32EB9963CA1AA784A40736EB20204742EC8AC1066F7CB"
"characters/linxi_t_early/identity_candidate__00009_.png","E:\Linxi_Production_Archive\source_assets\characters\linxi_t_early\identity_candidate__00009_.png","1242943","9B4AE9AB20F3BCB78B47EA8C4AF953D4AA3DB3F15BB031F12A144E439A3B2244"
"characters/linxi_t_early/identity_candidate__00010_.png","E:\Linxi_Production_Archive\source_assets\characters\linxi_t_early\identity_candidate__00010_.png","1231097","D1C2DFBEC4B7B1A9600DCCD8C12DA830D064F1BFE776CD81FBFC4DD8D01CE644"
"characters/linxi_t_early/identity_candidate__00011_.png","E:\Linxi_Production_Archive\source_assets\characters\linxi_t_early\identity_candidate__00011_.png","1131212","601CFD0502660286A3C524E278B06FB28B5F3358331826D9E096B92A43F84EDA"
"characters/linxi_t_early/identity_candidate__00012_.png","E:\Linxi_Production_Archive\source_assets\characters\linxi_t_early\identity_candidate__00012_.png","1266420","D9BD502247D6B200050D28D527588ED73DA6E354DA4365AACF928B745C6E98D1"
"characters/linxi_t_early/linxi.png.import","E:\Linxi_Production_Archive\source_assets\characters\linxi_t_early\linxi.png.import","958","53C60E914A61B33218C4ABB704A05FF49C0261BF4AB330561A72F773D9393211"
"characters/linxi_t_early/linxi_t_front_reference.png","E:\Linxi_Production_Archive\source_assets\characters\linxi_t_early\linxi_t_front_reference.png","187616","98B5350FF5BB2FE17628912A58BF37575008A75540B8156B620FB23BE388DE5D"
"characters/linxi_t_early/linxi_t_identity_turnaround_final_raw.png","E:\Linxi_Production_Archive\source_assets\characters\linxi_t_early\linxi_t_identity_turnaround_final_raw.png","356928","EBE4F4789C03DFA86D8B71765813CCFA432000EAF1299AD00E60BAB3FDB22C52"
"characters/linxi_t_early/production_turnaround_qwen__00001_.png","E:\Linxi_Production_Archive\source_assets\characters\linxi_t_early\production_turnaround_qwen__00001_.png","365764","7186F06D01E32FC9D3926B18FF3624E3F8CDABCFB9A5B5D9D6E86D36B5A7AC3F"
"characters/linxi_t_early/slow_walk_klein__00001_.png","E:\Linxi_Production_Archive\source_assets\characters\linxi_t_early\slow_walk_klein__00001_.png","817582","B0913E931DAD4DDE94A325B291C8F58B8C02BCE625484B17F12484022F72602D"
"characters/linxi_t_early/slow_walk_v1__00001_.png","E:\Linxi_Production_Archive\source_assets\characters\linxi_t_early\slow_walk_v1__00001_.png","818213","920A943AF48B85B89326777F3D7A55EC21D1B9D3C48E2BF44C36A52624B5A075"
"characters/linxi_t_early/three_quarter_v1__00001_.png","E:\Linxi_Production_Archive\source_assets\characters\linxi_t_early\three_quarter_v1__00001_.png","610964","F7169C2D0F5D2FE53EF571B743C482477771B72C25ED2FBE7D5822D57FD6797A"
"characters/linxi_t_early/walk_downstage_klein__00001_.png","E:\Linxi_Production_Archive\source_assets\characters\linxi_t_early\walk_downstage_klein__00001_.png","859617","4C292C0BB7223BEE99E49E34B8960245AA58F0767524373510B192A1353A1632"
"characters/linxi_t_early/walk_downstage_v1__00001_.png","E:\Linxi_Production_Archive\source_assets\characters\linxi_t_early\walk_downstage_v1__00001_.png","854983","1420F4CEC2717141215513BEA359E3B0ABEE5CEDC10CA49C0D57215391D2F967"
"characters/linxi_t_early/walk_upstage_klein__00001_.png","E:\Linxi_Production_Archive\source_assets\characters\linxi_t_early\walk_upstage_klein__00001_.png","871047","63F57DA962C3E6FFBE34C8255CFEEB636CC4AC65C222C0665BD704792AEFDD6E"
"characters/linxi_t_early/walk_upstage_v1__00001_.png","E:\Linxi_Production_Archive\source_assets\characters\linxi_t_early\walk_upstage_v1__00001_.png","878097","07673239AD17264EEF19E369401E449ABFF0FDE4941D165663FF5022C11271D1"
"characters/linxi_t_early/weak_idle_klein__00001_.png","E:\Linxi_Production_Archive\source_assets\characters\linxi_t_early\weak_idle_klein__00001_.png","765933","0561D5F6AB8205E6EBD7CA39D6DB790A4026A6D3AD8BE8BAD07BE2683DB9C829"
"characters/linxi_t_early/weak_idle_v1__00001_.png","E:\Linxi_Production_Archive\source_assets\characters\linxi_t_early\weak_idle_v1__00001_.png","796213","E81133DDF0D8A26DCA062AD5372F9418671AD7289DF192E554E2F9D4D971B924"
"characters/linxi_t_early/claw_attack/prompt-used.txt","E:\Linxi_Production_Archive\source_assets\characters\linxi_t_early\claw_attack\prompt-used.txt","1136","0F16A2E954436B5DE26462FBEE1AF187E74E65329FC7D74B02F44C6D1C77D54A"
"characters/linxi_t_early/claw_attack/raw-sheet.png","E:\Linxi_Production_Archive\source_assets\characters\linxi_t_early\claw_attack\raw-sheet.png","1645203","B38930E7F164C4984E52C5B369224AB01CC4D3E25106737F55EA8C6D945854AE"
"characters/linxi_t_early/claw_attack/processed/animation.gif","E:\Linxi_Production_Archive\source_assets\characters\linxi_t_early\claw_attack\processed\animation.gif","78709","3E3B2904B0D4918F294091EA6FEAC3D4D067588B3711FE5B58EE1B993DFFE4AE"
"characters/linxi_t_early/claw_attack/processed/claw_attack-1.png","E:\Linxi_Production_Archive\source_assets\characters\linxi_t_early\claw_attack\processed\claw_attack-1.png","40337","29360116EC17DB793A1173C50F8992301022E92D2C3B2A007D0FA26D4D9A628E"
"characters/linxi_t_early/claw_attack/processed/claw_attack-2.png","E:\Linxi_Production_Archive\source_assets\characters\linxi_t_early\claw_attack\processed\claw_attack-2.png","41131","E8DB3910E68FDF7DA5A4E70E832F31A92509166C777CE388D952ABA629277A6F"
"characters/linxi_t_early/claw_attack/processed/claw_attack-3.png","E:\Linxi_Production_Archive\source_assets\characters\linxi_t_early\claw_attack\processed\claw_attack-3.png","38081","6B7873F73737120EFBBE1E81AA844C76A27753405F92E1B939A869CBE8DB0672"
"characters/linxi_t_early/claw_attack/processed/claw_attack-4.png","E:\Linxi_Production_Archive\source_assets\characters\linxi_t_early\claw_attack\processed\claw_attack-4.png","38183","CEE9986376FDDB1C04635772500A8F8916DBBDD4DA75D2CCB9B54D77E949F94D"
"characters/linxi_t_early/claw_attack/processed/claw_attack-5.png","E:\Linxi_Production_Archive\source_assets\characters\linxi_t_early\claw_attack\processed\claw_attack-5.png","36680","8142A7DC2C1935C4DB23975AA59B19EE79E3449A50C4B3BBCB9CCC9A56F52695"
"characters/linxi_t_early/claw_attack/processed/claw_attack-6.png","E:\Linxi_Production_Archive\source_assets\characters\linxi_t_early\claw_attack\processed\claw_attack-6.png","37624","3A905A677D4D9C71A5E36045F328FE563E6E0481BD0D26FC5CC266545400AF9E"
"characters/linxi_t_early/claw_attack/processed/pipeline-meta.json","E:\Linxi_Production_Archive\source_assets\characters\linxi_t_early\claw_attack\processed\pipeline-meta.json","4317","D6A8E24AA0B2401616E4BACEDBF5CC017C417121CFE54590249C23F55CBC3EF1"
"characters/linxi_t_early/claw_attack/processed/raw-sheet-clean.png","E:\Linxi_Production_Archive\source_assets\characters\linxi_t_early\claw_attack\processed\raw-sheet-clean.png","601888","1E61041C0E25E35830AC0BACA1CBBFA49761F6A5D78ACB27DF1C335864E9B577"
"characters/linxi_t_early/claw_attack/processed/raw-sheet.png","E:\Linxi_Production_Archive\source_assets\characters\linxi_t_early\claw_attack\processed\raw-sheet.png","1621175","46157D7603E68FF541ED16FC1969257485938669B7A59A09B3D6936D9D9BB727"
"characters/linxi_t_early/claw_attack/processed/sheet-transparent.png","E:\Linxi_Production_Archive\source_assets\characters\linxi_t_early\claw_attack\processed\sheet-transparent.png","215360","0B8CFC8EBCB9474640541DC0C5B172F3DFC1C8D315E7D30E6DFDC98920519001"
"characters/linxi_t_early/dodge/prompt-used.txt","E:\Linxi_Production_Archive\source_assets\characters\linxi_t_early\dodge\prompt-used.txt","1375","879244ACD144E7276064A605C7AA24F1D1FCAEBA547441E0FE6DBB5ACFFCBD1E"
"characters/linxi_t_early/dodge/raw-sheet.png","E:\Linxi_Production_Archive\source_assets\characters\linxi_t_early\dodge\raw-sheet.png","1203342","5E97793CB44226E677348D6FA6E00929F1DE3B3072A6443072F05A4A6A1C9F3C"
"characters/linxi_t_early/dodge/processed/animation.gif","E:\Linxi_Production_Archive\source_assets\characters\linxi_t_early\dodge\processed\animation.gif","60272","D98F9B3893B9CB5FB9F53CA6103E69837E2B2B4F36AB485C202DF2C593B20AEE"
"characters/linxi_t_early/dodge/processed/dodge-1.png","E:\Linxi_Production_Archive\source_assets\characters\linxi_t_early\dodge\processed\dodge-1.png","43209","60AB19C8C008A4B46251F0F9FACBE0119E8E1DFC0F90E9436ECDC98E9EB292B4"
"characters/linxi_t_early/dodge/processed/dodge-2.png","E:\Linxi_Production_Archive\source_assets\characters\linxi_t_early\dodge\processed\dodge-2.png","41994","E4644242947606C415058BC88F93FB5FE8D80545B56A86EF4755FC2F4D207F40"
"characters/linxi_t_early/dodge/processed/dodge-3.png","E:\Linxi_Production_Archive\source_assets\characters\linxi_t_early\dodge\processed\dodge-3.png","43173","BF44D855A6B69CF037E1B105BFAAD43F00C0664685ACC14163869E74E3703A28"
"characters/linxi_t_early/dodge/processed/dodge-4.png","E:\Linxi_Production_Archive\source_assets\characters\linxi_t_early\dodge\processed\dodge-4.png","40457","B79C3FA149FBBDEF6E38BF6EF006ABDECED6AC746A274E48A56F916DE8A03F29"
"characters/linxi_t_early/dodge/processed/pipeline-meta.json","E:\Linxi_Production_Archive\source_assets\characters\linxi_t_early\dodge\processed\pipeline-meta.json","3058","3B694FE8770A4F5AE5D7538EBC86DCC8165DB2ACBA1D137189BB9F6FA2EFE605"
"characters/linxi_t_early/dodge/processed/raw-sheet-clean.png","E:\Linxi_Production_Archive\source_assets\characters\linxi_t_early\dodge\processed\raw-sheet-clean.png","324771","C2DC6FFE77902AD50A14CA683523083A2CEADF104D1B1203D4FD46D0EC340827"
"characters/linxi_t_early/dodge/processed/raw-sheet.png","E:\Linxi_Production_Archive\source_assets\characters\linxi_t_early\dodge\processed\raw-sheet.png","1342790","91AE17D3DA5C7D52B6A350579B5CA19E76B64329B2A141E0C78E94A2D9F6F724"
"characters/linxi_t_early/dodge/processed/sheet-transparent.png","E:\Linxi_Production_Archive\source_assets\characters\linxi_t_early\dodge\processed\sheet-transparent.png","158951","EA6EAFB2A1280CE46B29B1DCE90F6F4BE25D0C2D6943ABEDA87DE3A60A992F0D"
"characters/linxi_t_early/hit_reaction/prompt-used.txt","E:\Linxi_Production_Archive\source_assets\characters\linxi_t_early\hit_reaction\prompt-used.txt","992","4BB31643DC73A819BD2556A21A648BA7B5D7AEEC3CA146415198684983639B90"
"characters/linxi_t_early/hit_reaction/raw-sheet.png","E:\Linxi_Production_Archive\source_assets\characters\linxi_t_early\hit_reaction\raw-sheet.png","1351325","83A2633806A71CDFB379A5129CC24C8ED74165C0136919396F341C9AFA23D844"
"characters/linxi_t_early/hit_reaction/processed/animation.gif","E:\Linxi_Production_Archive\source_assets\characters\linxi_t_early\hit_reaction\processed\animation.gif","53212","A1080FE91EF953BFFC84C8ED825EB0E88780C33FF3D9E735FDA949F78D122390"
"characters/linxi_t_early/hit_reaction/processed/hit-1.png","E:\Linxi_Production_Archive\source_assets\characters\linxi_t_early\hit_reaction\processed\hit-1.png","40339","F157417C03E310C01C171A7F57288E0124B720CB076C0662FB95E3AF34DA3C60"
"characters/linxi_t_early/hit_reaction/processed/hit-2.png","E:\Linxi_Production_Archive\source_assets\characters\linxi_t_early\hit_reaction\processed\hit-2.png","39977","04B6F422033C18E0F0B49A6B38E5EA939AEAAA3CD14A9C55F71FF6D0CE15AD6B"
"characters/linxi_t_early/hit_reaction/processed/hit-3.png","E:\Linxi_Production_Archive\source_assets\characters\linxi_t_early\hit_reaction\processed\hit-3.png","34088","56A9D36C837F54118A67F236F50B9520669462A9C5523CF716FDC779F2975F7D"
"characters/linxi_t_early/hit_reaction/processed/hit-4.png","E:\Linxi_Production_Archive\source_assets\characters\linxi_t_early\hit_reaction\processed\hit-4.png","38622","CEBE10DCD9A960C8121E7161D7864984714BB346E6FADA3C26ABA2FC90258981"
"characters/linxi_t_early/hit_reaction/processed/pipeline-meta.json","E:\Linxi_Production_Archive\source_assets\characters\linxi_t_early\hit_reaction\processed\pipeline-meta.json","3062","966A4AD133C43171D95CDB5D2DED6B71C7A58BFA1A28AECD1469A4709D758263"
"characters/linxi_t_early/hit_reaction/processed/raw-sheet-clean.png","E:\Linxi_Production_Archive\source_assets\characters\linxi_t_early\hit_reaction\processed\raw-sheet-clean.png","508371","B5152D89E85295A9642EE089AE773ABCF130985B3B24F61361996CA76BFA515A"
"characters/linxi_t_early/hit_reaction/processed/raw-sheet.png","E:\Linxi_Production_Archive\source_assets\characters\linxi_t_early\hit_reaction\processed\raw-sheet.png","1515086","2BC8F04C326526DBDF5DD3F598F2C313C0D29A9D075E96C30363F0C737F547B8"
"characters/linxi_t_early/hit_reaction/processed/sheet-transparent.png","E:\Linxi_Production_Archive\source_assets\characters\linxi_t_early\hit_reaction\processed\sheet-transparent.png","141728","A971B624203B809EE110A58E58310429D02211ED463EAADC7B609E3EDAF238B5"
"characters/linxi_t_early/identity/identity-brief.md","E:\Linxi_Production_Archive\source_assets\characters\linxi_t_early\identity\identity-brief.md","6042","380B90060EDD7F9FB62FAC119A3D0D2DCB60BDD12516733A70A33C46A6904CD1"
"characters/linxi_t_early/identity/processed/00_front.png","E:\Linxi_Production_Archive\source_assets\characters\linxi_t_early\identity\processed\00_front.png","25376","0832E7D7F86A6F2125BA3141EE84B641D0C9E96060BF3503CF0CE8D2FC9E2B2F"
"characters/linxi_t_early/identity/processed/01_left.png","E:\Linxi_Production_Archive\source_assets\characters\linxi_t_early\identity\processed\01_left.png","16985","AD9A69FD6EA1B05E14AF89C76410D9EAE1F82643B8B43692C53186CB66E17A52"
"characters/linxi_t_early/identity/processed/02_back.png","E:\Linxi_Production_Archive\source_assets\characters\linxi_t_early\identity\processed\02_back.png","25064","DECDCB3C5B0D23954882FF608A72EEFA36E579F079B62EB5B184E0919800F090"
"characters/linxi_t_early/identity/processed/03_gameplay_3q.png","E:\Linxi_Production_Archive\source_assets\characters\linxi_t_early\identity\processed\03_gameplay_3q.png","22293","69CBDF5C37F25FA0109E7D29D015B8975C6DA39F7216AA70E51094132B39852E"
"characters/linxi_t_early/identity/processed/pipeline-meta.json","E:\Linxi_Production_Archive\source_assets\characters\linxi_t_early\identity\processed\pipeline-meta.json","4956","085DBFA1006250F3C3E614F3EE42114150653EB507907CDD92C5F850EB5245AC"
"characters/linxi_t_early/identity/processed/raw-sheet-clean.png","E:\Linxi_Production_Archive\source_assets\characters\linxi_t_early\identity\processed\raw-sheet-clean.png","356928","EBE4F4789C03DFA86D8B71765813CCFA432000EAF1299AD00E60BAB3FDB22C52"
"characters/linxi_t_early/identity/processed/raw-sheet.png","E:\Linxi_Production_Archive\source_assets\characters\linxi_t_early\identity\processed\raw-sheet.png","356928","EBE4F4789C03DFA86D8B71765813CCFA432000EAF1299AD00E60BAB3FDB22C52"
"characters/linxi_t_early/identity/processed/sheet-transparent.png","E:\Linxi_Production_Archive\source_assets\characters\linxi_t_early\identity\processed\sheet-transparent.png","88538","857AC7E3143DF9BF6F0A3413A55D0D8DF68A8BA969CC7F1867B2D8D8082FC5FE"
"characters/linxi_t_early/idle_v2_matching_combat/prompt-used.txt","E:\Linxi_Production_Archive\source_assets\characters\linxi_t_early\idle_v2_matching_combat\prompt-used.txt","1350","31429BA62C2100B9FC837E2CF2E6E2129AE268CD73F1E265E544D57A342A015A"
"characters/linxi_t_early/idle_v2_matching_combat/raw-sheet.png","E:\Linxi_Production_Archive\source_assets\characters\linxi_t_early\idle_v2_matching_combat\raw-sheet.png","1418340","CED4F3891FAAAC19403E79BA6E02E236C8FC28F05FD4D919F96720E09AD6583E"
"characters/linxi_t_early/idle_v2_matching_combat/processed/animation.gif","E:\Linxi_Production_Archive\source_assets\characters\linxi_t_early\idle_v2_matching_combat\processed\animation.gif","56392","834EE3F10161A1DF4123E87263D251732FC4608045A12BB011BBBC954F0AAE8D"
"characters/linxi_t_early/idle_v2_matching_combat/processed/idle-1.png","E:\Linxi_Production_Archive\source_assets\characters\linxi_t_early\idle_v2_matching_combat\processed\idle-1.png","42140","92AC45728550713DAC96020482BC3B349A9954B4D0B6120FCB3833EAAAF6F8CB"
"characters/linxi_t_early/idle_v2_matching_combat/processed/idle-2.png","E:\Linxi_Production_Archive\source_assets\characters\linxi_t_early\idle_v2_matching_combat\processed\idle-2.png","41071","BCBE7070893FEF20D8C85FE40BE3B33BA61A7E1CAA928AF373BC19461F2F6F20"
"characters/linxi_t_early/idle_v2_matching_combat/processed/idle-3.png","E:\Linxi_Production_Archive\source_assets\characters\linxi_t_early\idle_v2_matching_combat\processed\idle-3.png","40977","BE048240B672EF01B30364234833FB787E59582F5F5151D7F96678D48F814036"
"characters/linxi_t_early/idle_v2_matching_combat/processed/idle-4.png","E:\Linxi_Production_Archive\source_assets\characters\linxi_t_early\idle_v2_matching_combat\processed\idle-4.png","41092","0D054992C6D1AD2E6BA939475584ADBAD013A4D0D872138BDD18B413ADCC6D9A"
"characters/linxi_t_early/idle_v2_matching_combat/processed/pipeline-meta.json","E:\Linxi_Production_Archive\source_assets\characters\linxi_t_early\idle_v2_matching_combat\processed\pipeline-meta.json","3087","EE41300912028E914BA57B1008BCA0E419F7C492E269D6ACFAEAD0E04B158498"
"characters/linxi_t_early/idle_v2_matching_combat/processed/raw-sheet-clean.png","E:\Linxi_Production_Archive\source_assets\characters\linxi_t_early\idle_v2_matching_combat\processed\raw-sheet-clean.png","582715","6E556285BDC8821ED8EB15BF7C117F6CB84A499C6D88825A9FAA7AC5D595D0CC"
"characters/linxi_t_early/idle_v2_matching_combat/processed/raw-sheet.png","E:\Linxi_Production_Archive\source_assets\characters\linxi_t_early\idle_v2_matching_combat\processed\raw-sheet.png","1601975","AA7774801617EA3B439DB98D3A72FD205BD80F1FE16AA5991F32834F28207EE9"
"characters/linxi_t_early/idle_v2_matching_combat/processed/sheet-transparent.png","E:\Linxi_Production_Archive\source_assets\characters\linxi_t_early\idle_v2_matching_combat\processed\sheet-transparent.png","152493","44A056DE377653E2682BA38805FBE20264A1C7F927A5324C4E22670FD8814469"
"characters/linxi_t_early/idle_v3_user_color_grade/idle-1-scale94.png","E:\Linxi_Production_Archive\source_assets\characters\linxi_t_early\idle_v3_user_color_grade\idle-1-scale94.png","33310","0D533D821D51FAD9E3EA0691EC1BE40B713EAEB49958848E164F83CEA3A392B8"
"characters/linxi_t_early/idle_v3_user_color_grade/idle-1.png","E:\Linxi_Production_Archive\source_assets\characters\linxi_t_early\idle_v3_user_color_grade\idle-1.png","38080","A2EFBE8E8DE7A6579FE16D963885AC8CBFE91638DCDF530236965166949F072E"
"characters/linxi_t_early/idle_v3_user_color_grade/idle-2-scale94.png","E:\Linxi_Production_Archive\source_assets\characters\linxi_t_early\idle_v3_user_color_grade\idle-2-scale94.png","33994","2E6C8219004C9CC17032B4B8656BE30216CBF5F82E41054E6D081CBCF7C54F79"
"characters/linxi_t_early/idle_v3_user_color_grade/idle-2.png","E:\Linxi_Production_Archive\source_assets\characters\linxi_t_early\idle_v3_user_color_grade\idle-2.png","38856","C56768B086D041B7DF2091C52B12C2FF6A6C695618DEFB2DC1D131D13DA34621"
"characters/linxi_t_early/idle_v3_user_color_grade/idle-3-scale94.png","E:\Linxi_Production_Archive\source_assets\characters\linxi_t_early\idle_v3_user_color_grade\idle-3-scale94.png","34454","123782AF9EA570CA8183544CDC96AC4D3A2020F813EFF480B1F010D2FFC2C255"
"characters/linxi_t_early/idle_v3_user_color_grade/idle-3.png","E:\Linxi_Production_Archive\source_assets\characters\linxi_t_early\idle_v3_user_color_grade\idle-3.png","39298","4E6C4B356FAD7DA2B9B13FA606C04A0C36BE94EFF53214C4DB9B38B846E1CC86"
"characters/linxi_t_early/idle_v3_user_color_grade/idle-4-scale94.png","E:\Linxi_Production_Archive\source_assets\characters\linxi_t_early\idle_v3_user_color_grade\idle-4-scale94.png","33084","3A851C4E2B7DBD22BAFFC45EDA48C73E5C43C8A4E526FBC1D9ACAFCF9E37FBA4"
"characters/linxi_t_early/idle_v3_user_color_grade/idle-4.png","E:\Linxi_Production_Archive\source_assets\characters\linxi_t_early\idle_v3_user_color_grade\idle-4.png","37966","35F6337CEA2A2DFBA16574B8C2F0DAF915B0CBDB014B8965664076D2ECB80F5D"
"characters/linxi_t_early/idle_v3_user_color_grade/idle-walk-stylematch-final-preview.png","E:\Linxi_Production_Archive\source_assets\characters\linxi_t_early\idle_v3_user_color_grade\idle-walk-stylematch-final-preview.png","331810","7859572B24EFA05170A05BC1A9AE83A6B26C6CE7932FFE818358275F0FAD3F29"
"characters/linxi_t_early/idle_v3_user_color_grade/idle-walk-stylematch-preview.png","E:\Linxi_Production_Archive\source_assets\characters\linxi_t_early\idle_v3_user_color_grade\idle-walk-stylematch-preview.png","333680","B75D78EC29B00EBC5DE2E5C99366F58751A70B6A291F86FD5E23700711D1B00B"
"characters/linxi_t_early/idle_v3_user_color_grade/README.md","E:\Linxi_Production_Archive\source_assets\characters\linxi_t_early\idle_v3_user_color_grade\README.md","898","BB1A4E7707EFCE1A41DE102C574A26A405D439064EC61A721C1D1C1F70D27CF0"
"characters/linxi_t_early/idle_v3_user_color_grade/sheet-transparent-scale94.png","E:\Linxi_Production_Archive\source_assets\characters\linxi_t_early\idle_v3_user_color_grade\sheet-transparent-scale94.png","131258","AE3B8602F15FE09F0C44628BEA7FA2C7380C45B430FB6A46B9402DC90735A606"
"characters/linxi_t_early/idle_v3_user_color_grade/sheet-transparent-stylematch-walk-edge-darkened.png","E:\Linxi_Production_Archive\source_assets\characters\linxi_t_early\idle_v3_user_color_grade\sheet-transparent-stylematch-walk-edge-darkened.png","134022","C2401722B7FAB1852E16E3B72D2AA809F59E35B5C8B8ADD27868AA31E051C57F"
"characters/linxi_t_early/idle_v3_user_color_grade/sheet-transparent-stylematch-walk.png","E:\Linxi_Production_Archive\source_assets\characters\linxi_t_early\idle_v3_user_color_grade\sheet-transparent-stylematch-walk.png","135248","F0B7FBFCC343E3540BE090C61A3D2791592CB45B50A1234EC12068EB837670C3"
"characters/linxi_t_early/idle_v3_user_color_grade/sheet-transparent.png","E:\Linxi_Production_Archive\source_assets\characters\linxi_t_early\idle_v3_user_color_grade\sheet-transparent.png","143744","8CE2EE937B884C305F8F6E163F7A5ADE6A02383FD057079EC0A35AE2A86E0FCE"
"characters/linxi_t_early/idle_v3_white_uniform/prompt-used.txt","E:\Linxi_Production_Archive\source_assets\characters\linxi_t_early\idle_v3_white_uniform\prompt-used.txt","1652","E376C9DBA11F21BEB4FADC373339C704FBB8CCDDEAFA16C9C7EDEE1E043A5D44"
"characters/linxi_t_early/idle_v3_white_uniform/raw-sheet.png","E:\Linxi_Production_Archive\source_assets\characters\linxi_t_early\idle_v3_white_uniform\raw-sheet.png","1418653","BE6CD822CD723670787577531B16F9D0C51E805635501627DAE62340F3AF608A"
"characters/linxi_t_early/idle_v3_white_uniform/processed/animation.gif","E:\Linxi_Production_Archive\source_assets\characters\linxi_t_early\idle_v3_white_uniform\processed\animation.gif","53914","893B64A0ECCAA618EB8D4609451C99A4CCF319AEE5AAF99C2BCF804CDA6122A8"
"characters/linxi_t_early/idle_v3_white_uniform/processed/idle-1.png","E:\Linxi_Production_Archive\source_assets\characters\linxi_t_early\idle_v3_white_uniform\processed\idle-1.png","37500","76775C308EEE5EDA74F1560A9C264659E461DAC567D86D6278D23BAA44B7446C"
"characters/linxi_t_early/idle_v3_white_uniform/processed/idle-2.png","E:\Linxi_Production_Archive\source_assets\characters\linxi_t_early\idle_v3_white_uniform\processed\idle-2.png","38271","E26D9A881E3C3B6283FAB43F11302CAE8784E44E9131B21B78FF8BF0F1D5F4B6"
"characters/linxi_t_early/idle_v3_white_uniform/processed/idle-3.png","E:\Linxi_Production_Archive\source_assets\characters\linxi_t_early\idle_v3_white_uniform\processed\idle-3.png","38850","11F930A00C1BB1A1A9BC8A6EDBFB9D29ED2DEEE7986191AADB0BCA2E94E460CC"
"characters/linxi_t_early/idle_v3_white_uniform/processed/idle-4.png","E:\Linxi_Production_Archive\source_assets\characters\linxi_t_early\idle_v3_white_uniform\processed\idle-4.png","37297","0A5D61EB7D138A37FCAA7304417259BFDC4E483E037BA99385CC2C870F2FF399"
"characters/linxi_t_early/idle_v3_white_uniform/processed/pipeline-meta.json","E:\Linxi_Production_Archive\source_assets\characters\linxi_t_early\idle_v3_white_uniform\processed\pipeline-meta.json","3082","55FACAA7FF03876ACE5895C88D46773F0428A4F5F85FA6A085703C4F732B072F"
"characters/linxi_t_early/idle_v3_white_uniform/processed/raw-sheet-clean.png","E:\Linxi_Production_Archive\source_assets\characters\linxi_t_early\idle_v3_white_uniform\processed\raw-sheet-clean.png","581411","CC8E9D14D410E3F1EA7E027C026F171247D6997C201220DD7ED885A4339A3B30"
"characters/linxi_t_early/idle_v3_white_uniform/processed/raw-sheet.png","E:\Linxi_Production_Archive\source_assets\characters\linxi_t_early\idle_v3_white_uniform\processed\raw-sheet.png","1599907","3707CD7FD8BAFE4447FB26FDFD4D0B2464413C1B0781E6C83F2A5CD9A6EBE0FB"
"characters/linxi_t_early/idle_v3_white_uniform/processed/sheet-transparent.png","E:\Linxi_Production_Archive\source_assets\characters\linxi_t_early\idle_v3_white_uniform\processed\sheet-transparent.png","140008","7A5DEEB22CDED01E5FDF27442361D7099FE75A401AA85A6C099EA92B6DA43553"
"characters/linxi_t_early/run_8f_restrained_v1/prompt-used.txt","E:\Linxi_Production_Archive\source_assets\characters\linxi_t_early\run_8f_restrained_v1\prompt-used.txt","3024","140464E7C8869045D47BAA9735BB41FA46728AB86C498EE067CCA141F2F44212"
"characters/linxi_t_early/run_8f_restrained_v1/raw-sheet.png","E:\Linxi_Production_Archive\source_assets\characters\linxi_t_early\run_8f_restrained_v1\raw-sheet.png","1326934","DE425B7195C5CBD690337D12A4844EB2A0A901C4379A53115E2F9446FBF10120"
"characters/linxi_t_early/run_8f_restrained_v1/README.md","E:\Linxi_Production_Archive\source_assets\characters\linxi_t_early\run_8f_restrained_v1\README.md","1431","8D0B59F471C2BE649B24DD81315250E147B713D09282C74A35449F6D3FEEECC0"
"characters/linxi_t_early/run_8f_restrained_v1/bottom_aligned_preview/animation-bottom-aligned.gif","E:\Linxi_Production_Archive\source_assets\characters\linxi_t_early\run_8f_restrained_v1\bottom_aligned_preview\animation-bottom-aligned.gif","118597","2D905FB6C2531E80FFA461735CE2DD929B3709B7CCCDD3022084E70842C02059"
"characters/linxi_t_early/run_8f_restrained_v1/bottom_aligned_preview/bottom-anchor-meta.json","E:\Linxi_Production_Archive\source_assets\characters\linxi_t_early\run_8f_restrained_v1\bottom_aligned_preview\bottom-anchor-meta.json","2984","FEE6C4F339BF1A759BD865F89E5F5553621BBAE49D908846CB75F16727BADCB2"
"characters/linxi_t_early/run_8f_restrained_v1/bottom_aligned_preview/right-strip-bottom-aligned.png","E:\Linxi_Production_Archive\source_assets\characters\linxi_t_early\run_8f_restrained_v1\bottom_aligned_preview\right-strip-bottom-aligned.png","446379","E0B8779B9EC14DDF373F9EAA33CD59B5C042E0AB1942F2321323B2B15BF608AA"
"characters/linxi_t_early/run_8f_restrained_v1/bottom_aligned_preview/right_00.png","E:\Linxi_Production_Archive\source_assets\characters\linxi_t_early\run_8f_restrained_v1\bottom_aligned_preview\right_00.png","56281","C88BCEDB3FF8D7567D20DB14C0DDEB601FD41BFE15E3F35CA285CEFCEEC881AD"
"characters/linxi_t_early/run_8f_restrained_v1/bottom_aligned_preview/right_01.png","E:\Linxi_Production_Archive\source_assets\characters\linxi_t_early\run_8f_restrained_v1\bottom_aligned_preview\right_01.png","56779","3E2B0FA4814F8B93DB4D108B4640297A2776915192545456C561884CED086BE5"
"characters/linxi_t_early/run_8f_restrained_v1/bottom_aligned_preview/right_02.png","E:\Linxi_Production_Archive\source_assets\characters\linxi_t_early\run_8f_restrained_v1\bottom_aligned_preview\right_02.png","57696","B6AA1F7D86C0C8622DE36D78FAC8FF96E53FA60C365BE581F44FF6B6CACC418B"
"characters/linxi_t_early/run_8f_restrained_v1/bottom_aligned_preview/right_03.png","E:\Linxi_Production_Archive\source_assets\characters\linxi_t_early\run_8f_restrained_v1\bottom_aligned_preview\right_03.png","58456","0CD5A2C93D8552EA2412B4BE526EDAD094C79A592532F4033C89EF5417247420"
"characters/linxi_t_early/run_8f_restrained_v1/bottom_aligned_preview/right_04.png","E:\Linxi_Production_Archive\source_assets\characters\linxi_t_early\run_8f_restrained_v1\bottom_aligned_preview\right_04.png","58059","8D604EC0E86886337F3E6C63CA3DB13522B6C727257EFC0163D5F169D4BBB037"
"characters/linxi_t_early/run_8f_restrained_v1/bottom_aligned_preview/right_05.png","E:\Linxi_Production_Archive\source_assets\characters\linxi_t_early\run_8f_restrained_v1\bottom_aligned_preview\right_05.png","55954","84F000C899153DE8DFB87DEEFF5FF2E412F9148BBEA2DFDB472C26D13127B1FF"
"characters/linxi_t_early/run_8f_restrained_v1/bottom_aligned_preview/right_06.png","E:\Linxi_Production_Archive\source_assets\characters\linxi_t_early\run_8f_restrained_v1\bottom_aligned_preview\right_06.png","57528","F67EB73377C8B59C0ED8F70D7FB3E4E8DA0CA0070395C9C30E6779D56A85A2BC"
"characters/linxi_t_early/run_8f_restrained_v1/bottom_aligned_preview/right_07.png","E:\Linxi_Production_Archive\source_assets\characters\linxi_t_early\run_8f_restrained_v1\bottom_aligned_preview\right_07.png","56216","245453B1A8ACC854D80301DF49945339027D3E0B8E0D5B01032A121A4F2ECEE1"
"characters/linxi_t_early/run_8f_restrained_v1/preview_cells_preserved/animation-preserved-cells.gif","E:\Linxi_Production_Archive\source_assets\characters\linxi_t_early\run_8f_restrained_v1\preview_cells_preserved\animation-preserved-cells.gif","119841","103A01297965F3D672789947635CF951AF78B23E2702449642F9199B8F5D54B0"
"characters/linxi_t_early/run_8f_restrained_v1/preview_cells_preserved/frame_00.png","E:\Linxi_Production_Archive\source_assets\characters\linxi_t_early\run_8f_restrained_v1\preview_cells_preserved\frame_00.png","56683","DF80BEC8144B87E156F8EC2E7D79889EFDD10A5E40F596F80F19FFC8581A61B1"
"characters/linxi_t_early/run_8f_restrained_v1/preview_cells_preserved/frame_01.png","E:\Linxi_Production_Archive\source_assets\characters\linxi_t_early\run_8f_restrained_v1\preview_cells_preserved\frame_01.png","57106","6C9C4BD88CD38E684DD2D7AF39B8B10C22A9E56B3A6B75ACC62FE294D812D8C7"
"characters/linxi_t_early/run_8f_restrained_v1/preview_cells_preserved/frame_02.png","E:\Linxi_Production_Archive\source_assets\characters\linxi_t_early\run_8f_restrained_v1\preview_cells_preserved\frame_02.png","58080","59C28BAABBF669D08F40ADCA768C327456370F8C8A662FE68A2233C272563F44"
"characters/linxi_t_early/run_8f_restrained_v1/preview_cells_preserved/frame_03.png","E:\Linxi_Production_Archive\source_assets\characters\linxi_t_early\run_8f_restrained_v1\preview_cells_preserved\frame_03.png","58791","814D0282C717581A796445DBB7D23A84D0D24A971AC3F324C5F3687C045E8F36"
"characters/linxi_t_early/run_8f_restrained_v1/preview_cells_preserved/frame_04.png","E:\Linxi_Production_Archive\source_assets\characters\linxi_t_early\run_8f_restrained_v1\preview_cells_preserved\frame_04.png","58466","7C033408AAC3E976557420CDA852FB22408F59BA3EEA1AD829D3C05C71C5655C"
"characters/linxi_t_early/run_8f_restrained_v1/preview_cells_preserved/frame_05.png","E:\Linxi_Production_Archive\source_assets\characters\linxi_t_early\run_8f_restrained_v1\preview_cells_preserved\frame_05.png","56422","0C92BDCFA5A5DE0EF6655543513E22666EF11164C5F37B9766E30B64219EEDA9"
"characters/linxi_t_early/run_8f_restrained_v1/preview_cells_preserved/frame_06.png","E:\Linxi_Production_Archive\source_assets\characters\linxi_t_early\run_8f_restrained_v1\preview_cells_preserved\frame_06.png","57871","65A2E17EFFE2B99357BDB3CC8340A21F1BBE873C5CA5D6A306696EAB83723B0B"
"characters/linxi_t_early/run_8f_restrained_v1/preview_cells_preserved/frame_07.png","E:\Linxi_Production_Archive\source_assets\characters\linxi_t_early\run_8f_restrained_v1\preview_cells_preserved\frame_07.png","56535","2610F04010139E872C9E888A645936814A2BCE2E576E045BCB4E22AF85A7B171"
"characters/linxi_t_early/run_8f_restrained_v1/preview_cells_preserved/right-strip-preserved-cells.png","E:\Linxi_Production_Archive\source_assets\characters\linxi_t_early\run_8f_restrained_v1\preview_cells_preserved\right-strip-preserved-cells.png","454538","D563C2DA4CE95B5B1F57D50083DB4ACF11C1A9C025D285FEC39819509B270066"
"characters/linxi_t_early/slow_walk/horizontal_processed/left_00.png","E:\Linxi_Production_Archive\source_assets\characters\linxi_t_early\slow_walk\horizontal_processed\left_00.png","26311","8E42518D7B10E6130BE4E1454AD80F3DBE2291F641B199FC4D695ECC29E52373"
"characters/linxi_t_early/slow_walk/horizontal_processed/left_01.png","E:\Linxi_Production_Archive\source_assets\characters\linxi_t_early\slow_walk\horizontal_processed\left_01.png","25976","088FB1E981E03D0273622AC84213CD4A7BFAA5745785032565C07290A60378D1"
"characters/linxi_t_early/slow_walk/horizontal_processed/left_02.png","E:\Linxi_Production_Archive\source_assets\characters\linxi_t_early\slow_walk\horizontal_processed\left_02.png","25786","E7CA1B270EB8FACA1CEE1D40AABA06E4C273739164056086704724709A7E29BD"
"characters/linxi_t_early/slow_walk/horizontal_processed/left_03.png","E:\Linxi_Production_Archive\source_assets\characters\linxi_t_early\slow_walk\horizontal_processed\left_03.png","26682","FB0A60676E1FECEF585885A465C7836A1F17014E1B87FBB0603ABA9264E365F9"
"characters/linxi_t_early/slow_walk/horizontal_processed/right_00.png","E:\Linxi_Production_Archive\source_assets\characters\linxi_t_early\slow_walk\horizontal_processed\right_00.png","26326","5ECA59C35A9A9A3BA8C6CF83151603960252D0C5E0403B85BA472759E7B5AA34"
"characters/linxi_t_early/slow_walk/horizontal_processed/right_01.png","E:\Linxi_Production_Archive\source_assets\characters\linxi_t_early\slow_walk\horizontal_processed\right_01.png","26028","059C72542DA4CABF7C0EF1A10414B08FE7A996B0913DF8D6EE725F30A3ECBD22"
"characters/linxi_t_early/slow_walk/horizontal_processed/right_02.png","E:\Linxi_Production_Archive\source_assets\characters\linxi_t_early\slow_walk\horizontal_processed\right_02.png","25793","42A0149850DA5E1B86ED5DDCE71BDE2ABA5B6EB46C8DBCFCFD87EA9B6E24F7DF"
"characters/linxi_t_early/slow_walk/horizontal_processed/right_03.png","E:\Linxi_Production_Archive\source_assets\characters\linxi_t_early\slow_walk\horizontal_processed\right_03.png","26648","79B0B4B4D8BC6662F6A90F31961E37169C956E7F39AF0305AB592E917329D5DB"
"characters/linxi_t_early/sprint_8f/prompt-used.txt","E:\Linxi_Production_Archive\source_assets\characters\linxi_t_early\sprint_8f\prompt-used.txt","2085","E72C9D7D253E8BA251E96F35DA7DDEB874AFBD442E1042CB1302A2D92D456EFE"
"characters/linxi_t_early/sprint_8f/raw-sheet.png","E:\Linxi_Production_Archive\source_assets\characters\linxi_t_early\sprint_8f\raw-sheet.png","1361889","5658B6B9A1EDA98D31A5DF1797AB1C6031E21EEC5105A316A2380C584970EB94"
"characters/linxi_t_early/sprint_8f/README.md","E:\Linxi_Production_Archive\source_assets\characters\linxi_t_early\sprint_8f\README.md","1533","88AC959E6C43C42E5CE721852D2A4A7030B567F8AD4E6800F896C96C5CB35FBC"
"characters/linxi_t_early/sprint_8f/processed/animation.gif","E:\Linxi_Production_Archive\source_assets\characters\linxi_t_early\sprint_8f\processed\animation.gif","38734","7E44D66E29F5CABF1D4E759E6CADF7265CACF3B84188D98D656CE39759347119"
"characters/linxi_t_early/sprint_8f/processed/raw-sheet-clean.png","E:\Linxi_Production_Archive\source_assets\characters\linxi_t_early\sprint_8f\processed\raw-sheet-clean.png","476293","AAC7428C78A74FF356F9339C0721FB88A638C52957EBE5EFDB8186442EB3DB92"
"characters/linxi_t_early/sprint_8f/processed/raw-sheet.png","E:\Linxi_Production_Archive\source_assets\characters\linxi_t_early\sprint_8f\processed\raw-sheet.png","1538874","90C683AD8EFC3F86F6C79463FD5D4570E51A96C75D8C1068AEB0DEE16008795D"
"characters/linxi_t_early/sprint_8f/processed/sheet-transparent.png","E:\Linxi_Production_Archive\source_assets\characters\linxi_t_early\sprint_8f\processed\sheet-transparent.png","102082","1026FE01C40956852157C068049511B2EE9425C437D62FCFBD6C6E24142CBBEE"
"characters/linxi_t_early/sprint_8f/processed/sprint-1.png","E:\Linxi_Production_Archive\source_assets\characters\linxi_t_early\sprint_8f\processed\sprint-1.png","14449","12E4E8E63DE7BDA59AEBBB42FEC9F4C0388142BB829C80B9C3385B57BFE440FB"
"characters/linxi_t_early/sprint_8f/processed/sprint-2.png","E:\Linxi_Production_Archive\source_assets\characters\linxi_t_early\sprint_8f\processed\sprint-2.png","14548","ED90C70DC709136C4D18778070FCB86E127C560617C4E10E0745D2D8489F6C3F"
"characters/linxi_t_early/sprint_8f/processed/sprint-3.png","E:\Linxi_Production_Archive\source_assets\characters\linxi_t_early\sprint_8f\processed\sprint-3.png","13503","66C7E56AB01442CA40763EAA91327E984EBC5A7B73071FF8C39549E9701368FB"
"characters/linxi_t_early/sprint_8f/processed/sprint-4.png","E:\Linxi_Production_Archive\source_assets\characters\linxi_t_early\sprint_8f\processed\sprint-4.png","14623","8A8099BF2D172CBC4EA7087FA2DBB3E64F376F34AA66E0EEA92B3340315C03FA"
"characters/linxi_t_early/sprint_8f/processed/sprint-5.png","E:\Linxi_Production_Archive\source_assets\characters\linxi_t_early\sprint_8f\processed\sprint-5.png","13914","FB987B8134EB6E1B62C18FE5A767A54D33828AB7AC2E9574F4A8DDD8A28D75BE"
"characters/linxi_t_early/sprint_8f/processed/sprint-6.png","E:\Linxi_Production_Archive\source_assets\characters\linxi_t_early\sprint_8f\processed\sprint-6.png","14524","652BE5016D5CC951FA375670EE55982782A6F0337BC9A11895EAF8286A8AF97B"
"characters/linxi_t_early/sprint_8f/processed/sprint-7.png","E:\Linxi_Production_Archive\source_assets\characters\linxi_t_early\sprint_8f\processed\sprint-7.png","13997","2BFD4EF751270FBA7D7B84C9A67DE240DF8170F0BF0B459BC3A90528B1FC6185"
"characters/linxi_t_early/sprint_8f/processed/sprint-8.png","E:\Linxi_Production_Archive\source_assets\characters\linxi_t_early\sprint_8f\processed\sprint-8.png","13048","95F21C0EEF7A23EAB5C41F57F21120B0E30DA0431035D27E53673FAF31AE4BF0"
"characters/linxi_t_early/sprint_8f/processed_accepted/animation.gif","E:\Linxi_Production_Archive\source_assets\characters\linxi_t_early\sprint_8f\processed_accepted\animation.gif","34352","263628ABA4B34316F3937488269C933E3CD895802D541AD0579FD4C3A57E1AB4"
"characters/linxi_t_early/sprint_8f/processed_accepted/pipeline-meta.json","E:\Linxi_Production_Archive\source_assets\characters\linxi_t_early\sprint_8f\processed_accepted\pipeline-meta.json","5679","5548318D0E2D71855AC214A47B328A930125847B3250C266D9BCCB35342C2550"
"characters/linxi_t_early/sprint_8f/processed_accepted/prompt-used.txt","E:\Linxi_Production_Archive\source_assets\characters\linxi_t_early\sprint_8f\processed_accepted\prompt-used.txt","2090","3B5C63157FE917526FFF58910591973A93954BA168B45129A3D367D025485BE4"
"characters/linxi_t_early/sprint_8f/processed_accepted/raw-sheet-clean.png","E:\Linxi_Production_Archive\source_assets\characters\linxi_t_early\sprint_8f\processed_accepted\raw-sheet-clean.png","476293","AAC7428C78A74FF356F9339C0721FB88A638C52957EBE5EFDB8186442EB3DB92"
"characters/linxi_t_early/sprint_8f/processed_accepted/raw-sheet.png","E:\Linxi_Production_Archive\source_assets\characters\linxi_t_early\sprint_8f\processed_accepted\raw-sheet.png","1538874","90C683AD8EFC3F86F6C79463FD5D4570E51A96C75D8C1068AEB0DEE16008795D"
"characters/linxi_t_early/sprint_8f/processed_accepted/sheet-transparent.png","E:\Linxi_Production_Archive\source_assets\characters\linxi_t_early\sprint_8f\processed_accepted\sheet-transparent.png","90007","62A41F9E111125E68350AF3BF2C5524749D19BB6BB16094317FF07B8BF9E1C0A"
"characters/linxi_t_early/sprint_8f/processed_accepted/sprint-1.png","E:\Linxi_Production_Archive\source_assets\characters\linxi_t_early\sprint_8f\processed_accepted\sprint-1.png","12902","9C1F0832A50D9E7AEC7E89822AB8799BA37F9D6A746566B16B3F0B8FAA9CC9C6"
"characters/linxi_t_early/sprint_8f/processed_accepted/sprint-2.png","E:\Linxi_Production_Archive\source_assets\characters\linxi_t_early\sprint_8f\processed_accepted\sprint-2.png","12841","033CEDC0B40393BECBE9106EB827AE0E148DAB9514D5D65B8DA18826D397F9C0"
"characters/linxi_t_early/sprint_8f/processed_accepted/sprint-3.png","E:\Linxi_Production_Archive\source_assets\characters\linxi_t_early\sprint_8f\processed_accepted\sprint-3.png","11983","483551ECD199F12CBF68B5A67F832888667742E09857A2BFE19E203BF404CA88"
"characters/linxi_t_early/sprint_8f/processed_accepted/sprint-4.png","E:\Linxi_Production_Archive\source_assets\characters\linxi_t_early\sprint_8f\processed_accepted\sprint-4.png","12943","53D4761E8FAE8CC11E7AF5F2FD9299B6EB4AC40F9C1C5AF6F2179EC6F6DE8F93"
"characters/linxi_t_early/sprint_8f/processed_accepted/sprint-5.png","E:\Linxi_Production_Archive\source_assets\characters\linxi_t_early\sprint_8f\processed_accepted\sprint-5.png","12305","49137A49A32DBFEC8B177565A55F67DF1CF7EEC9D254BB8AA4C480D6C52EF6D8"
"characters/linxi_t_early/sprint_8f/processed_accepted/sprint-6.png","E:\Linxi_Production_Archive\source_assets\characters\linxi_t_early\sprint_8f\processed_accepted\sprint-6.png","13017","294724A78758AE58EB726893A25F944314CC69B53C70D4D4D3E0992032E643C9"
"characters/linxi_t_early/sprint_8f/processed_accepted/sprint-7.png","E:\Linxi_Production_Archive\source_assets\characters\linxi_t_early\sprint_8f\processed_accepted\sprint-7.png","12404","09AA95D834FF4EDE867F13971E9DD4CC704E5439A3B7C2754CCBB0EAFF7C53AB"
"characters/linxi_t_early/sprint_8f/processed_accepted/sprint-8.png","E:\Linxi_Production_Archive\source_assets\characters\linxi_t_early\sprint_8f\processed_accepted\sprint-8.png","11588","1CFC5264EAF5CB4C28868925CD11B65AE25F028FF402D068EA6B17728D6C32A1"
"characters/linxi_t_early/sprint_8f/processed_diagnostic/animation.gif","E:\Linxi_Production_Archive\source_assets\characters\linxi_t_early\sprint_8f\processed_diagnostic\animation.gif","34352","263628ABA4B34316F3937488269C933E3CD895802D541AD0579FD4C3A57E1AB4"
"characters/linxi_t_early/sprint_8f/processed_diagnostic/pipeline-meta.json","E:\Linxi_Production_Archive\source_assets\characters\linxi_t_early\sprint_8f\processed_diagnostic\pipeline-meta.json","5679","5548318D0E2D71855AC214A47B328A930125847B3250C266D9BCCB35342C2550"
"characters/linxi_t_early/sprint_8f/processed_diagnostic/prompt-used.txt","E:\Linxi_Production_Archive\source_assets\characters\linxi_t_early\sprint_8f\processed_diagnostic\prompt-used.txt","2090","3B5C63157FE917526FFF58910591973A93954BA168B45129A3D367D025485BE4"
"characters/linxi_t_early/sprint_8f/processed_diagnostic/raw-sheet-clean.png","E:\Linxi_Production_Archive\source_assets\characters\linxi_t_early\sprint_8f\processed_diagnostic\raw-sheet-clean.png","476293","AAC7428C78A74FF356F9339C0721FB88A638C52957EBE5EFDB8186442EB3DB92"
"characters/linxi_t_early/sprint_8f/processed_diagnostic/raw-sheet.png","E:\Linxi_Production_Archive\source_assets\characters\linxi_t_early\sprint_8f\processed_diagnostic\raw-sheet.png","1538874","90C683AD8EFC3F86F6C79463FD5D4570E51A96C75D8C1068AEB0DEE16008795D"
"characters/linxi_t_early/sprint_8f/processed_diagnostic/sheet-transparent.png","E:\Linxi_Production_Archive\source_assets\characters\linxi_t_early\sprint_8f\processed_diagnostic\sheet-transparent.png","90007","62A41F9E111125E68350AF3BF2C5524749D19BB6BB16094317FF07B8BF9E1C0A"
"characters/linxi_t_early/sprint_8f/processed_diagnostic/sprint-1.png","E:\Linxi_Production_Archive\source_assets\characters\linxi_t_early\sprint_8f\processed_diagnostic\sprint-1.png","12902","9C1F0832A50D9E7AEC7E89822AB8799BA37F9D6A746566B16B3F0B8FAA9CC9C6"
"characters/linxi_t_early/sprint_8f/processed_diagnostic/sprint-2.png","E:\Linxi_Production_Archive\source_assets\characters\linxi_t_early\sprint_8f\processed_diagnostic\sprint-2.png","12841","033CEDC0B40393BECBE9106EB827AE0E148DAB9514D5D65B8DA18826D397F9C0"
"characters/linxi_t_early/sprint_8f/processed_diagnostic/sprint-3.png","E:\Linxi_Production_Archive\source_assets\characters\linxi_t_early\sprint_8f\processed_diagnostic\sprint-3.png","11983","483551ECD199F12CBF68B5A67F832888667742E09857A2BFE19E203BF404CA88"
"characters/linxi_t_early/sprint_8f/processed_diagnostic/sprint-4.png","E:\Linxi_Production_Archive\source_assets\characters\linxi_t_early\sprint_8f\processed_diagnostic\sprint-4.png","12943","53D4761E8FAE8CC11E7AF5F2FD9299B6EB4AC40F9C1C5AF6F2179EC6F6DE8F93"
"characters/linxi_t_early/sprint_8f/processed_diagnostic/sprint-5.png","E:\Linxi_Production_Archive\source_assets\characters\linxi_t_early\sprint_8f\processed_diagnostic\sprint-5.png","12305","49137A49A32DBFEC8B177565A55F67DF1CF7EEC9D254BB8AA4C480D6C52EF6D8"
"characters/linxi_t_early/sprint_8f/processed_diagnostic/sprint-6.png","E:\Linxi_Production_Archive\source_assets\characters\linxi_t_early\sprint_8f\processed_diagnostic\sprint-6.png","13017","294724A78758AE58EB726893A25F944314CC69B53C70D4D4D3E0992032E643C9"
"characters/linxi_t_early/sprint_8f/processed_diagnostic/sprint-7.png","E:\Linxi_Production_Archive\source_assets\characters\linxi_t_early\sprint_8f\processed_diagnostic\sprint-7.png","12404","09AA95D834FF4EDE867F13971E9DD4CC704E5439A3B7C2754CCBB0EAFF7C53AB"
"characters/linxi_t_early/sprint_8f/processed_diagnostic/sprint-8.png","E:\Linxi_Production_Archive\source_assets\characters\linxi_t_early\sprint_8f\processed_diagnostic\sprint-8.png","11588","1CFC5264EAF5CB4C28868925CD11B65AE25F028FF402D068EA6B17728D6C32A1"
"characters/linxi_t_early/sprint_8f/processed_magenta_cleaned/animation.gif","E:\Linxi_Production_Archive\source_assets\characters\linxi_t_early\sprint_8f\processed_magenta_cleaned\animation.gif","29902","FB22BBE37377DEBBA779B55E778916356E791F9B941CB622B6CCD892C4341BAA"
"characters/linxi_t_early/sprint_8f/processed_magenta_cleaned/cleanup-report.json","E:\Linxi_Production_Archive\source_assets\characters\linxi_t_early\sprint_8f\processed_magenta_cleaned\cleanup-report.json","411","F115A60412B5D2845CE5ABC80C66ED779A447D76C6766AFE594DF51386A69900"
"characters/linxi_t_early/sprint_8f/processed_magenta_cleaned/left-strip.png","E:\Linxi_Production_Archive\source_assets\characters\linxi_t_early\sprint_8f\processed_magenta_cleaned\left-strip.png","84994","8502F15452A03C23D215471A025FBF5E0EB064573E7E746C241E9E4FCE68573F"
"characters/linxi_t_early/sprint_8f/processed_magenta_cleaned/left_00.png","E:\Linxi_Production_Archive\source_assets\characters\linxi_t_early\sprint_8f\processed_magenta_cleaned\left_00.png","11384","9C37EFC9EE631448D831FE2C0F955FD5861032B5A244E550C7C40F3F596C481F"
"characters/linxi_t_early/sprint_8f/processed_magenta_cleaned/left_01.png","E:\Linxi_Production_Archive\source_assets\characters\linxi_t_early\sprint_8f\processed_magenta_cleaned\left_01.png","11369","9A2C6A61817B9E9D601ED90A31D9F68E8A1CAE5DBB98352372A59B5F1000C5FC"
"characters/linxi_t_early/sprint_8f/processed_magenta_cleaned/left_02.png","E:\Linxi_Production_Archive\source_assets\characters\linxi_t_early\sprint_8f\processed_magenta_cleaned\left_02.png","10744","EA428D2A5DA3017746982260482AFA08C79AA8DA8A6357C754A911C60902E4EA"
"characters/linxi_t_early/sprint_8f/processed_magenta_cleaned/left_03.png","E:\Linxi_Production_Archive\source_assets\characters\linxi_t_early\sprint_8f\processed_magenta_cleaned\left_03.png","11472","34FA11CBC19F009A2BE15A4FC9C093DB0D67AC558B7460D489D65AC4698B12B7"
"characters/linxi_t_early/sprint_8f/processed_magenta_cleaned/left_04.png","E:\Linxi_Production_Archive\source_assets\characters\linxi_t_early\sprint_8f\processed_magenta_cleaned\left_04.png","11070","42BDA9D2109AA8FBA3C2D7B1AA296BE185E9C16E3AE9EDEC909D18D0286B8ADA"
"characters/linxi_t_early/sprint_8f/processed_magenta_cleaned/left_05.png","E:\Linxi_Production_Archive\source_assets\characters\linxi_t_early\sprint_8f\processed_magenta_cleaned\left_05.png","11571","3329B3F91A477EE264BE7E510C12E9A4EA918431A8582A6C57A2C10B2517A5DE"
"characters/linxi_t_early/sprint_8f/processed_magenta_cleaned/left_06.png","E:\Linxi_Production_Archive\source_assets\characters\linxi_t_early\sprint_8f\processed_magenta_cleaned\left_06.png","11098","14F4FFACAB7C0B8933E9EFC9ECB649C8BF7595106246C898FFE95CACB62A8821"
"characters/linxi_t_early/sprint_8f/processed_magenta_cleaned/left_07.png","E:\Linxi_Production_Archive\source_assets\characters\linxi_t_early\sprint_8f\processed_magenta_cleaned\left_07.png","10383","B63BE6B179766F5041EE4590B3D2A356170BAF39D438C0F30F6757A4FEFD16CA"
"characters/linxi_t_early/sprint_8f/processed_magenta_cleaned/right-strip.png","E:\Linxi_Production_Archive\source_assets\characters\linxi_t_early\sprint_8f\processed_magenta_cleaned\right-strip.png","84642","5668F5BE945FEE5C388C373C01CA8651BF111C5D57A9E448734AE032EE3468CA"
"characters/linxi_t_early/sprint_8f/processed_magenta_cleaned/right_00.png","E:\Linxi_Production_Archive\source_assets\characters\linxi_t_early\sprint_8f\processed_magenta_cleaned\right_00.png","11343","F9948EF22BE345C358C04A2066BF7814936B86B2CE710FEA3D45558571DFC212"
"characters/linxi_t_early/sprint_8f/processed_magenta_cleaned/right_01.png","E:\Linxi_Production_Archive\source_assets\characters\linxi_t_early\sprint_8f\processed_magenta_cleaned\right_01.png","11380","F8C607795BCEE9C97D06621A50264BA05ED25CBB9FC523DBD6945DA351CB3647"
"characters/linxi_t_early/sprint_8f/processed_magenta_cleaned/right_02.png","E:\Linxi_Production_Archive\source_assets\characters\linxi_t_early\sprint_8f\processed_magenta_cleaned\right_02.png","10709","7522FADB9956E6941A50649F72C6A56F039151FCCF09BD02B4004533956C0F44"
"characters/linxi_t_early/sprint_8f/processed_magenta_cleaned/right_03.png","E:\Linxi_Production_Archive\source_assets\characters\linxi_t_early\sprint_8f\processed_magenta_cleaned\right_03.png","11403","2A722DA4D445A09E187ACA9D56979C62A8CF347331A8BD3BD686433690D8C106"
"characters/linxi_t_early/sprint_8f/processed_magenta_cleaned/right_04.png","E:\Linxi_Production_Archive\source_assets\characters\linxi_t_early\sprint_8f\processed_magenta_cleaned\right_04.png","11054","92403DC16483FB2EC8050550DDA8C825765E1DE59F9CB04EBC415CC5A08DDEDF"
"characters/linxi_t_early/sprint_8f/processed_magenta_cleaned/right_05.png","E:\Linxi_Production_Archive\source_assets\characters\linxi_t_early\sprint_8f\processed_magenta_cleaned\right_05.png","11561","22FC09889A143D024A4F58400721EFA8595F304E18798C8184295CF1C1300986"
"characters/linxi_t_early/sprint_8f/processed_magenta_cleaned/right_06.png","E:\Linxi_Production_Archive\source_assets\characters\linxi_t_early\sprint_8f\processed_magenta_cleaned\right_06.png","11057","C00EC4489051B2059AB0E303F87DD208781FCDD0ABB9EFF6ACCEBEF9A2281511"
"characters/linxi_t_early/sprint_8f/processed_magenta_cleaned/right_07.png","E:\Linxi_Production_Archive\source_assets\characters\linxi_t_early\sprint_8f\processed_magenta_cleaned\right_07.png","10348","EC35359D8B5667E724F6849B81A17D67B017FE1C2DB6ABDE4F4A0C083BC8ADB0"
"characters/linxi_t_early/sprint_8f/processed_magenta_cleaned/sheet-transparent.png","E:\Linxi_Production_Archive\source_assets\characters\linxi_t_early\sprint_8f\processed_magenta_cleaned\sheet-transparent.png","85064","A495953A6D94FA7519C49D7A1767B41A517E7A4B54FA22F0B121E10454677B69"
"characters/linxi_t_early/walk_16f/prompt-used.txt","E:\Linxi_Production_Archive\source_assets\characters\linxi_t_early\walk_16f\prompt-used.txt","1969","2522B7999A2B96C6B4A5D1524B7263D3D1FA94F951BAB06AFF317E936ECF1EF2"
"characters/linxi_t_early/walk_16f/raw-sheet.png","E:\Linxi_Production_Archive\source_assets\characters\linxi_t_early\walk_16f\raw-sheet.png","1535940","C43BB9785D37F224C55B9EB7C515A1DD0160673CE140DA60DB56F7604C688DCF"
"characters/linxi_t_early/walk_16f/README.md","E:\Linxi_Production_Archive\source_assets\characters\linxi_t_early\walk_16f\README.md","1544","CDCA201695DA2755B2713CDDD4A37159680A359F7C7939D5EF5FFC749F5695A2"
"characters/linxi_t_early/walk_16f/processed/animation.gif","E:\Linxi_Production_Archive\source_assets\characters\linxi_t_early\walk_16f\processed\animation.gif","35783","F2A44F33203AB2F5CFBACEF4BD5F647FD6682387FAC6D731E64B147E10666D9A"
"characters/linxi_t_early/walk_16f/processed/pipeline-meta.json","E:\Linxi_Production_Archive\source_assets\characters\linxi_t_early\walk_16f\processed\pipeline-meta.json","10306","A8B774923E7B2E9B0D383BE27F42BD25686708D89B317A435F92B341D97F690F"
"characters/linxi_t_early/walk_16f/processed/prompt-used.txt","E:\Linxi_Production_Archive\source_assets\characters\linxi_t_early\walk_16f\processed\prompt-used.txt","1974","A827D23B939BF769DD3925D0842560D344AD0CF967EB8DD54015A88FB1B1C543"
"characters/linxi_t_early/walk_16f/processed/raw-sheet-clean.png","E:\Linxi_Production_Archive\source_assets\characters\linxi_t_early\walk_16f\processed\raw-sheet-clean.png","676688","22D3CDDBE4766541981EE7D6E398FD44913D77BB3A3504B5EF7AD4CF8EF0E24E"
"characters/linxi_t_early/walk_16f/processed/raw-sheet.png","E:\Linxi_Production_Archive\source_assets\characters\linxi_t_early\walk_16f\processed\raw-sheet.png","1743409","922AE98E70EAE2F55EFE0FC99129DB58C3D3F0E2B381D14D962FCDDD84593BDF"
"characters/linxi_t_early/walk_16f/processed/sheet-transparent.png","E:\Linxi_Production_Archive\source_assets\characters\linxi_t_early\walk_16f\processed\sheet-transparent.png","78759","A9D0B0DCA9F7CF673BB74E6BDDF097FD25FBAB06EB2E5C42C15F09B446C9A258"
"characters/linxi_t_early/walk_16f/processed/walk-1.png","E:\Linxi_Production_Archive\source_assets\characters\linxi_t_early\walk_16f\processed\walk-1.png","5556","090141303DA304AD3179A3514948EBC5B7E12E8E2A3760173EFB2613F028D03A"
"characters/linxi_t_early/walk_16f/processed/walk-10.png","E:\Linxi_Production_Archive\source_assets\characters\linxi_t_early\walk_16f\processed\walk-10.png","5943","3E7F0BE390E4F48B0280CE0F7B564E3F91498F1FF95DBD446DB9AFABE21C3379"
"characters/linxi_t_early/walk_16f/processed/walk-11.png","E:\Linxi_Production_Archive\source_assets\characters\linxi_t_early\walk_16f\processed\walk-11.png","5658","18353F57043629DD1C0AA0D62F23F4B5FDFBF8FDD8102498D4C9EB10DD6E05F4"
"characters/linxi_t_early/walk_16f/processed/walk-12.png","E:\Linxi_Production_Archive\source_assets\characters\linxi_t_early\walk_16f\processed\walk-12.png","5747","9657D81DF4CCB53D8DB31AB2338F515F90D3723C8EE0CDA03B5891118FA6D188"
"characters/linxi_t_early/walk_16f/processed/walk-13.png","E:\Linxi_Production_Archive\source_assets\characters\linxi_t_early\walk_16f\processed\walk-13.png","6220","D2B8E46942B186500761BB1980F244A3F58E41830B96CCB844A4285603DC9E28"
"characters/linxi_t_early/walk_16f/processed/walk-14.png","E:\Linxi_Production_Archive\source_assets\characters\linxi_t_early\walk_16f\processed\walk-14.png","5855","D548A750F110A6F238AE99CB1049A5D28EF4740198E90914A4E3C138DA1597C0"
"characters/linxi_t_early/walk_16f/processed/walk-15.png","E:\Linxi_Production_Archive\source_assets\characters\linxi_t_early\walk_16f\processed\walk-15.png","6301","E6D76E148D4245A7BAE9F706FF6C40752CCA2F16BD28325129071396387157DC"
"characters/linxi_t_early/walk_16f/processed/walk-16.png","E:\Linxi_Production_Archive\source_assets\characters\linxi_t_early\walk_16f\processed\walk-16.png","5816","26936592F8A8FCBF4270CC3481DCD24109760F0B6BD604DA543FFAB422763526"
"characters/linxi_t_early/walk_16f/processed/walk-2.png","E:\Linxi_Production_Archive\source_assets\characters\linxi_t_early\walk_16f\processed\walk-2.png","5514","DC0ADFF25CC6857CAE8207FE169AE9BFCFB921FDD377F7BE51DFDBF17E2EF7A0"
"characters/linxi_t_early/walk_16f/processed/walk-3.png","E:\Linxi_Production_Archive\source_assets\characters\linxi_t_early\walk_16f\processed\walk-3.png","5124","B3179C708014EB35F86CFFB3E26E81AD2DB2268E3145C4D6F2A4A5DE8AF106CF"
"characters/linxi_t_early/walk_16f/processed/walk-4.png","E:\Linxi_Production_Archive\source_assets\characters\linxi_t_early\walk_16f\processed\walk-4.png","5002","2C3C59B68E5F3E0268FDFC4510FFFE581FE43C5567B85BB5F9060FBC7CAE7D5A"
"characters/linxi_t_early/walk_16f/processed/walk-5.png","E:\Linxi_Production_Archive\source_assets\characters\linxi_t_early\walk_16f\processed\walk-5.png","5736","0C06034FBD52373F64E8043448758EE2CE17675FB8D0C89ECBCD90C707AC90A7"
"characters/linxi_t_early/walk_16f/processed/walk-6.png","E:\Linxi_Production_Archive\source_assets\characters\linxi_t_early\walk_16f\processed\walk-6.png","5736","95154206F8CE9D800509D15056C163CFC8985918BDCD36BD279FC626AFD142EB"
"characters/linxi_t_early/walk_16f/processed/walk-7.png","E:\Linxi_Production_Archive\source_assets\characters\linxi_t_early\walk_16f\processed\walk-7.png","5972","D0123DBDD00E929B5C30D7156D9F9D3AE80D853AFFCFD76EC6BA12013B92A705"
"characters/linxi_t_early/walk_16f/processed/walk-8.png","E:\Linxi_Production_Archive\source_assets\characters\linxi_t_early\walk_16f\processed\walk-8.png","5846","6CF09BBEB630524DD04DEA3CF404D4F329CBF70BB90E255496B5509AD70253D0"
"characters/linxi_t_early/walk_16f/processed/walk-9.png","E:\Linxi_Production_Archive\source_assets\characters\linxi_t_early\walk_16f\processed\walk-9.png","5650","9D7114E434688C03C529E589D5AC3D84D367C5B7AF74FFFCAFE424BFDDA79903"
"characters/linxi_t_early/walk_16f/processed_256/animation.gif","E:\Linxi_Production_Archive\source_assets\characters\linxi_t_early\walk_16f\processed_256\animation.gif","35783","F2A44F33203AB2F5CFBACEF4BD5F647FD6682387FAC6D731E64B147E10666D9A"
"characters/linxi_t_early/walk_16f/processed_256/pipeline-meta.json","E:\Linxi_Production_Archive\source_assets\characters\linxi_t_early\walk_16f\processed_256\pipeline-meta.json","10306","A8B774923E7B2E9B0D383BE27F42BD25686708D89B317A435F92B341D97F690F"
"characters/linxi_t_early/walk_16f/processed_256/prompt-used.txt","E:\Linxi_Production_Archive\source_assets\characters\linxi_t_early\walk_16f\processed_256\prompt-used.txt","1974","A827D23B939BF769DD3925D0842560D344AD0CF967EB8DD54015A88FB1B1C543"
"characters/linxi_t_early/walk_16f/processed_256/raw-sheet-clean.png","E:\Linxi_Production_Archive\source_assets\characters\linxi_t_early\walk_16f\processed_256\raw-sheet-clean.png","676688","22D3CDDBE4766541981EE7D6E398FD44913D77BB3A3504B5EF7AD4CF8EF0E24E"
"characters/linxi_t_early/walk_16f/processed_256/raw-sheet.png","E:\Linxi_Production_Archive\source_assets\characters\linxi_t_early\walk_16f\processed_256\raw-sheet.png","1743409","922AE98E70EAE2F55EFE0FC99129DB58C3D3F0E2B381D14D962FCDDD84593BDF"
"characters/linxi_t_early/walk_16f/processed_256/sheet-transparent.png","E:\Linxi_Production_Archive\source_assets\characters\linxi_t_early\walk_16f\processed_256\sheet-transparent.png","78759","A9D0B0DCA9F7CF673BB74E6BDDF097FD25FBAB06EB2E5C42C15F09B446C9A258"
"characters/linxi_t_early/walk_16f/processed_256/walk-1.png","E:\Linxi_Production_Archive\source_assets\characters\linxi_t_early\walk_16f\processed_256\walk-1.png","5556","090141303DA304AD3179A3514948EBC5B7E12E8E2A3760173EFB2613F028D03A"
"characters/linxi_t_early/walk_16f/processed_256/walk-10.png","E:\Linxi_Production_Archive\source_assets\characters\linxi_t_early\walk_16f\processed_256\walk-10.png","5943","3E7F0BE390E4F48B0280CE0F7B564E3F91498F1FF95DBD446DB9AFABE21C3379"
"characters/linxi_t_early/walk_16f/processed_256/walk-11.png","E:\Linxi_Production_Archive\source_assets\characters\linxi_t_early\walk_16f\processed_256\walk-11.png","5658","18353F57043629DD1C0AA0D62F23F4B5FDFBF8FDD8102498D4C9EB10DD6E05F4"
"characters/linxi_t_early/walk_16f/processed_256/walk-12.png","E:\Linxi_Production_Archive\source_assets\characters\linxi_t_early\walk_16f\processed_256\walk-12.png","5747","9657D81DF4CCB53D8DB31AB2338F515F90D3723C8EE0CDA03B5891118FA6D188"
"characters/linxi_t_early/walk_16f/processed_256/walk-13.png","E:\Linxi_Production_Archive\source_assets\characters\linxi_t_early\walk_16f\processed_256\walk-13.png","6220","D2B8E46942B186500761BB1980F244A3F58E41830B96CCB844A4285603DC9E28"
"characters/linxi_t_early/walk_16f/processed_256/walk-14.png","E:\Linxi_Production_Archive\source_assets\characters\linxi_t_early\walk_16f\processed_256\walk-14.png","5855","D548A750F110A6F238AE99CB1049A5D28EF4740198E90914A4E3C138DA1597C0"
"characters/linxi_t_early/walk_16f/processed_256/walk-15.png","E:\Linxi_Production_Archive\source_assets\characters\linxi_t_early\walk_16f\processed_256\walk-15.png","6301","E6D76E148D4245A7BAE9F706FF6C40752CCA2F16BD28325129071396387157DC"
"characters/linxi_t_early/walk_16f/processed_256/walk-16.png","E:\Linxi_Production_Archive\source_assets\characters\linxi_t_early\walk_16f\processed_256\walk-16.png","5816","26936592F8A8FCBF4270CC3481DCD24109760F0B6BD604DA543FFAB422763526"
"characters/linxi_t_early/walk_16f/processed_256/walk-2.png","E:\Linxi_Production_Archive\source_assets\characters\linxi_t_early\walk_16f\processed_256\walk-2.png","5514","DC0ADFF25CC6857CAE8207FE169AE9BFCFB921FDD377F7BE51DFDBF17E2EF7A0"
"characters/linxi_t_early/walk_16f/processed_256/walk-3.png","E:\Linxi_Production_Archive\source_assets\characters\linxi_t_early\walk_16f\processed_256\walk-3.png","5124","B3179C708014EB35F86CFFB3E26E81AD2DB2268E3145C4D6F2A4A5DE8AF106CF"
"characters/linxi_t_early/walk_16f/processed_256/walk-4.png","E:\Linxi_Production_Archive\source_assets\characters\linxi_t_early\walk_16f\processed_256\walk-4.png","5002","2C3C59B68E5F3E0268FDFC4510FFFE581FE43C5567B85BB5F9060FBC7CAE7D5A"
"characters/linxi_t_early/walk_16f/processed_256/walk-5.png","E:\Linxi_Production_Archive\source_assets\characters\linxi_t_early\walk_16f\processed_256\walk-5.png","5736","0C06034FBD52373F64E8043448758EE2CE17675FB8D0C89ECBCD90C707AC90A7"
"characters/linxi_t_early/walk_16f/processed_256/walk-6.png","E:\Linxi_Production_Archive\source_assets\characters\linxi_t_early\walk_16f\processed_256\walk-6.png","5736","95154206F8CE9D800509D15056C163CFC8985918BDCD36BD279FC626AFD142EB"
"characters/linxi_t_early/walk_16f/processed_256/walk-7.png","E:\Linxi_Production_Archive\source_assets\characters\linxi_t_early\walk_16f\processed_256\walk-7.png","5972","D0123DBDD00E929B5C30D7156D9F9D3AE80D853AFFCFD76EC6BA12013B92A705"
"characters/linxi_t_early/walk_16f/processed_256/walk-8.png","E:\Linxi_Production_Archive\source_assets\characters\linxi_t_early\walk_16f\processed_256\walk-8.png","5846","6CF09BBEB630524DD04DEA3CF404D4F329CBF70BB90E255496B5509AD70253D0"
"characters/linxi_t_early/walk_16f/processed_256/walk-9.png","E:\Linxi_Production_Archive\source_assets\characters\linxi_t_early\walk_16f\processed_256\walk-9.png","5650","9D7114E434688C03C529E589D5AC3D84D367C5B7AF74FFFCAFE424BFDDA79903"
"characters/linxi_t_early/walk_16f/processed_runtime_256/animation.gif","E:\Linxi_Production_Archive\source_assets\characters\linxi_t_early\walk_16f\processed_runtime_256\animation.gif","150963","BED74AFA1C53C1096C01607BB67F6B8808DEE360BD11EB96AB9E65B6AC579E94"
"characters/linxi_t_early/walk_16f/processed_runtime_256/left-strip.png","E:\Linxi_Production_Archive\source_assets\characters\linxi_t_early\walk_16f\processed_runtime_256\left-strip.png","514594","F708432A484AF734335EE002CE473A011EF6A9C8487F130F9D052C8D0607AB1A"
"characters/linxi_t_early/walk_16f/processed_runtime_256/left_00.png","E:\Linxi_Production_Archive\source_assets\characters\linxi_t_early\walk_16f\processed_runtime_256\left_00.png","31838","6423EB5904FB17B55EBDC9E2F6E7CCB1E07EABD97CCA050C27D8431431914F03"
"characters/linxi_t_early/walk_16f/processed_runtime_256/left_01.png","E:\Linxi_Production_Archive\source_assets\characters\linxi_t_early\walk_16f\processed_runtime_256\left_01.png","31822","32F2C68077FD0B40A5B539CDF58AEEDAB8A1D1A0B5EF02F9EEEBF99FC2255664"
"characters/linxi_t_early/walk_16f/processed_runtime_256/left_02.png","E:\Linxi_Production_Archive\source_assets\characters\linxi_t_early\walk_16f\processed_runtime_256\left_02.png","29462","C7BC590C029B7A89BF4E5D753FF9B45A909717A9D5B21ECB9E7C0B068831F9D6"
"characters/linxi_t_early/walk_16f/processed_runtime_256/left_03.png","E:\Linxi_Production_Archive\source_assets\characters\linxi_t_early\walk_16f\processed_runtime_256\left_03.png","28820","3A58DCC8A0718F326A814286BB4A80BE42B10E94C176BC07253759EC4DF01A52"
"characters/linxi_t_early/walk_16f/processed_runtime_256/left_04.png","E:\Linxi_Production_Archive\source_assets\characters\linxi_t_early\walk_16f\processed_runtime_256\left_04.png","33535","282B9F36223B08A5CF04FFBA2830D7FAE56E960EEF8FF12C2761B37624F88ABE"
"characters/linxi_t_early/walk_16f/processed_runtime_256/left_05.png","E:\Linxi_Production_Archive\source_assets\characters\linxi_t_early\walk_16f\processed_runtime_256\left_05.png","33986","469DC0C580A23D1643FF7CD1E297C6B62CD142035B76F50314BCE9C04FA1FB83"
"characters/linxi_t_early/walk_16f/processed_runtime_256/left_06.png","E:\Linxi_Production_Archive\source_assets\characters\linxi_t_early\walk_16f\processed_runtime_256\left_06.png","34477","0FC3B90BEF7E53C82FBAC242958E70888B304D8806E5A4D7C02DDED908A9C34F"
"characters/linxi_t_early/walk_16f/processed_runtime_256/left_07.png","E:\Linxi_Production_Archive\source_assets\characters\linxi_t_early\walk_16f\processed_runtime_256\left_07.png","33680","697261C1BB0220F3C73DC309C59CBC3C420DAC336D18B7F612CAE0F0DEC25A85"
"characters/linxi_t_early/walk_16f/processed_runtime_256/left_08.png","E:\Linxi_Production_Archive\source_assets\characters\linxi_t_early\walk_16f\processed_runtime_256\left_08.png","32393","7A9D3B2A1C5C57196C77D6469C48044F8D62293FE14D1869FAE351DA382ECBC1"
"characters/linxi_t_early/walk_16f/processed_runtime_256/left_09.png","E:\Linxi_Production_Archive\source_assets\characters\linxi_t_early\walk_16f\processed_runtime_256\left_09.png","33677","36D5A40DE7975F74A286EB2E7289C246DFE613CB0D84BA18EAF740D3CF4415E4"
"characters/linxi_t_early/walk_16f/processed_runtime_256/left_10.png","E:\Linxi_Production_Archive\source_assets\characters\linxi_t_early\walk_16f\processed_runtime_256\left_10.png","33755","1CED1162E1B55EB6E8860C84005002F98554850AF0F99D3C90C4EA0DEA9C6CFD"
"characters/linxi_t_early/walk_16f/processed_runtime_256/left_11.png","E:\Linxi_Production_Archive\source_assets\characters\linxi_t_early\walk_16f\processed_runtime_256\left_11.png","32993","F2296A95136DB8060AC9363E3F85B3CE67E84F20028D60A2596C92250281F888"
"characters/linxi_t_early/walk_16f/processed_runtime_256/left_12.png","E:\Linxi_Production_Archive\source_assets\characters\linxi_t_early\walk_16f\processed_runtime_256\left_12.png","34125","9B8E6FC62252CA389FF60E50C70094B0ECF57607A6F45A5998C3AAD5F7DC18F5"
"characters/linxi_t_early/walk_16f/processed_runtime_256/left_13.png","E:\Linxi_Production_Archive\source_assets\characters\linxi_t_early\walk_16f\processed_runtime_256\left_13.png","33340","B52CDD93956758E50A1FB22FD71B308F72A2F558CBE209EFA16C0707EE4F9884"
"characters/linxi_t_early/walk_16f/processed_runtime_256/left_14.png","E:\Linxi_Production_Archive\source_assets\characters\linxi_t_early\walk_16f\processed_runtime_256\left_14.png","34579","476B82B2DA4AF625FAB2F9F04AAED345C5933AF257E9070FB6D42D80966D811A"
"characters/linxi_t_early/walk_16f/processed_runtime_256/left_15.png","E:\Linxi_Production_Archive\source_assets\characters\linxi_t_early\walk_16f\processed_runtime_256\left_15.png","31777","8EF8BDBF9A50D79C076C206A105E947C76E878DE2FD56B609CAABF5ED3D08E96"
"characters/linxi_t_early/walk_16f/processed_runtime_256/pipeline-meta.json","E:\Linxi_Production_Archive\source_assets\characters\linxi_t_early\walk_16f\processed_runtime_256\pipeline-meta.json","1569","430F0DFE180CEABC116C8796C3673193A85AC79EBDB10E65A58694C89051039E"
"characters/linxi_t_early/walk_16f/processed_runtime_256/right-strip.png","E:\Linxi_Production_Archive\source_assets\characters\linxi_t_early\walk_16f\processed_runtime_256\right-strip.png","515724","2B750C59C3B2EE14A924DCBCFEDA6A70C539375C4C6C73D82690C08F5DFBD38A"
"characters/linxi_t_early/walk_16f/processed_runtime_256/right_00.png","E:\Linxi_Production_Archive\source_assets\characters\linxi_t_early\walk_16f\processed_runtime_256\right_00.png","31846","7DB9457CB9E42251C1AA9E1FF240CCEC4933B40B054A271F7C9F7F8F54758F18"
"characters/linxi_t_early/walk_16f/processed_runtime_256/right_01.png","E:\Linxi_Production_Archive\source_assets\characters\linxi_t_early\walk_16f\processed_runtime_256\right_01.png","31884","96697EC3C1BB83A7F400BCBD194F7E72AFAD218040ECD0CBBE3DC7DCB1DA83A1"
"characters/linxi_t_early/walk_16f/processed_runtime_256/right_02.png","E:\Linxi_Production_Archive\source_assets\characters\linxi_t_early\walk_16f\processed_runtime_256\right_02.png","29471","398C33203581F8DF01E1E81A45B406FA1F0BD6FE2A33434AC381BA31EE33CC02"
"characters/linxi_t_early/walk_16f/processed_runtime_256/right_03.png","E:\Linxi_Production_Archive\source_assets\characters\linxi_t_early\walk_16f\processed_runtime_256\right_03.png","28738","BA4DE1CE5559084922F65147B8122666D88A4FEC34212F0E83F247FCBC90E91F"
"characters/linxi_t_early/walk_16f/processed_runtime_256/right_04.png","E:\Linxi_Production_Archive\source_assets\characters\linxi_t_early\walk_16f\processed_runtime_256\right_04.png","33562","382E4A042634CA7AFB0A899402D26F303FB7FA5CC8F1484862AB875937ED1809"
"characters/linxi_t_early/walk_16f/processed_runtime_256/right_05.png","E:\Linxi_Production_Archive\source_assets\characters\linxi_t_early\walk_16f\processed_runtime_256\right_05.png","33936","B1E569DB7599FAC51FD3C8302BAD39E5B236D8C472C49AFA018208854CB44D8B"
"characters/linxi_t_early/walk_16f/processed_runtime_256/right_06.png","E:\Linxi_Production_Archive\source_assets\characters\linxi_t_early\walk_16f\processed_runtime_256\right_06.png","34482","9E58E6016EA9CE3805A57F88E92B6E1516947EE3B2CC9C47C62D1FF08C40E0E4"
"characters/linxi_t_early/walk_16f/processed_runtime_256/right_07.png","E:\Linxi_Production_Archive\source_assets\characters\linxi_t_early\walk_16f\processed_runtime_256\right_07.png","33648","BB58A0C00961834B68ADAAD7DD1A865CCD46816B605501A5AD2BEE53D0AF259C"
"characters/linxi_t_early/walk_16f/processed_runtime_256/right_08.png","E:\Linxi_Production_Archive\source_assets\characters\linxi_t_early\walk_16f\processed_runtime_256\right_08.png","32413","61FBFBAE82D080120893B01972A769047DBF684C355A4E29665A63176F00FB71"
"characters/linxi_t_early/walk_16f/processed_runtime_256/right_09.png","E:\Linxi_Production_Archive\source_assets\characters\linxi_t_early\walk_16f\processed_runtime_256\right_09.png","33647","859651E7229846CF4FE7F9D44F4565B948491335A3E9EF2C8C2C99EAD1DED957"
"characters/linxi_t_early/walk_16f/processed_runtime_256/right_10.png","E:\Linxi_Production_Archive\source_assets\characters\linxi_t_early\walk_16f\processed_runtime_256\right_10.png","33827","48799D849B5C0F92879567F86716D48C5BCA682F86B5B68BA3E99FA95184A30C"
"characters/linxi_t_early/walk_16f/processed_runtime_256/right_11.png","E:\Linxi_Production_Archive\source_assets\characters\linxi_t_early\walk_16f\processed_runtime_256\right_11.png","32966","EEC845CE524C8D6B9DDF8ACE6C6A27A517E895B487BC4CB34FA9B41536BC67D6"
"characters/linxi_t_early/walk_16f/processed_runtime_256/right_12.png","E:\Linxi_Production_Archive\source_assets\characters\linxi_t_early\walk_16f\processed_runtime_256\right_12.png","34201","85805F2EA56B6AB62AD0841DA5A02DB9533AC08E10BE08A77D61943FD43DCFEA"
"characters/linxi_t_early/walk_16f/processed_runtime_256/right_13.png","E:\Linxi_Production_Archive\source_assets\characters\linxi_t_early\walk_16f\processed_runtime_256\right_13.png","33374","CEA658973644A4FB5B8DF905AC310390A5CE1115BD64332593AD07431927E83B"
"characters/linxi_t_early/walk_16f/processed_runtime_256/right_14.png","E:\Linxi_Production_Archive\source_assets\characters\linxi_t_early\walk_16f\processed_runtime_256\right_14.png","34613","881BB8964C4D70DC2ABF10413C5E326E7C14EF06845490D9C5C9C4CF9007D452"
"characters/linxi_t_early/walk_16f/processed_runtime_256/right_15.png","E:\Linxi_Production_Archive\source_assets\characters\linxi_t_early\walk_16f\processed_runtime_256\right_15.png","31814","4D283E8353EAB1D83EC28B518AEE2DA9E94C466B5A3DA55443E849D4A4FE6BCF"
"characters/linxi_t_early/walk_16f/processed_runtime_256/sheet-transparent.png","E:\Linxi_Production_Archive\source_assets\characters\linxi_t_early\walk_16f\processed_runtime_256\sheet-transparent.png","513433","0F293FBC59CF6F96A981D2A61883AFF2638EA50DAE2FE36095042097231B8560"
"characters/linxi_t_early/walk_16f/processed_runtime_256_safe_feet/animation.gif","E:\Linxi_Production_Archive\source_assets\characters\linxi_t_early\walk_16f\processed_runtime_256_safe_feet\animation.gif","138653","F23E5F280C4578C8CCA7BEA3316FF1F8A4CE99F2C5B9312FC37EABC84CE1AED0"
"characters/linxi_t_early/walk_16f/processed_runtime_256_safe_feet/left-strip.png","E:\Linxi_Production_Archive\source_assets\characters\linxi_t_early\walk_16f\processed_runtime_256_safe_feet\left-strip.png","465631","78C3B439B80C66AAD9C200B93E4DB017B584689318676080284182937243B07C"
"characters/linxi_t_early/walk_16f/processed_runtime_256_safe_feet/left_00.png","E:\Linxi_Production_Archive\source_assets\characters\linxi_t_early\walk_16f\processed_runtime_256_safe_feet\left_00.png","28694","32DD82A381509D1A1E0A1523E17404953A239665EF07B0299899DF161C7AB9D0"
"characters/linxi_t_early/walk_16f/processed_runtime_256_safe_feet/left_01.png","E:\Linxi_Production_Archive\source_assets\characters\linxi_t_early\walk_16f\processed_runtime_256_safe_feet\left_01.png","28603","8B7F0E3F5AB548FB095A7B6E418F8B907D3E2EE86F2983B2B9399C008F50F7CD"
"characters/linxi_t_early/walk_16f/processed_runtime_256_safe_feet/left_02.png","E:\Linxi_Production_Archive\source_assets\characters\linxi_t_early\walk_16f\processed_runtime_256_safe_feet\left_02.png","26622","3A7397950F65B04F0BC40105EE30372FF28F207695417E5DF36B35929B7E750A"
"characters/linxi_t_early/walk_16f/processed_runtime_256_safe_feet/left_03.png","E:\Linxi_Production_Archive\source_assets\characters\linxi_t_early\walk_16f\processed_runtime_256_safe_feet\left_03.png","25957","68EA47374FD0BB78558D580A319F1BDA328D949495F110455711BD78EB2946E8"
"characters/linxi_t_early/walk_16f/processed_runtime_256_safe_feet/left_04.png","E:\Linxi_Production_Archive\source_assets\characters\linxi_t_early\walk_16f\processed_runtime_256_safe_feet\left_04.png","30434","6C7DA0085D09FEB6E44FF94093DAF4842A0DD95EBFF9895D86EE2A41ADB51B25"
"characters/linxi_t_early/walk_16f/processed_runtime_256_safe_feet/left_05.png","E:\Linxi_Production_Archive\source_assets\characters\linxi_t_early\walk_16f\processed_runtime_256_safe_feet\left_05.png","30934","FF06000719E359B7E50A28B5AD60ECF40CC4523FD25239BE8392E3588442A0A2"
"characters/linxi_t_early/walk_16f/processed_runtime_256_safe_feet/left_06.png","E:\Linxi_Production_Archive\source_assets\characters\linxi_t_early\walk_16f\processed_runtime_256_safe_feet\left_06.png","31204","E9249C41A3F971E75D0C6ABA10A8648B00D93BA3E4941B8F7D91028DAE9889B9"
"characters/linxi_t_early/walk_16f/processed_runtime_256_safe_feet/left_07.png","E:\Linxi_Production_Archive\source_assets\characters\linxi_t_early\walk_16f\processed_runtime_256_safe_feet\left_07.png","30418","579803827B1E4621B45957FC0D83D00FD6A865ACBC6DB2F925C15EDE2B718E72"
"characters/linxi_t_early/walk_16f/processed_runtime_256_safe_feet/left_08.png","E:\Linxi_Production_Archive\source_assets\characters\linxi_t_early\walk_16f\processed_runtime_256_safe_feet\left_08.png","29253","7EB12BDF5438876766A3778698825C1325EB62E62FD0FA9DD034492A3A20DB9F"
"characters/linxi_t_early/walk_16f/processed_runtime_256_safe_feet/left_09.png","E:\Linxi_Production_Archive\source_assets\characters\linxi_t_early\walk_16f\processed_runtime_256_safe_feet\left_09.png","30358","D8B8773D4B08A283A5B07231ABDE328924F74AD760C437CD689AC0B3FCA2C435"
"characters/linxi_t_early/walk_16f/processed_runtime_256_safe_feet/left_10.png","E:\Linxi_Production_Archive\source_assets\characters\linxi_t_early\walk_16f\processed_runtime_256_safe_feet\left_10.png","30264","91270D0A4C963AC8D710F3E6EE4D27A589028281BC24844C3398D0F46468C5FC"
"characters/linxi_t_early/walk_16f/processed_runtime_256_safe_feet/left_11.png","E:\Linxi_Production_Archive\source_assets\characters\linxi_t_early\walk_16f\processed_runtime_256_safe_feet\left_11.png","29562","73E2669F40D3A48D165D2D4BFC4DFBF8A0AD3B790BF9B92633135C0ABF6F8155"
"characters/linxi_t_early/walk_16f/processed_runtime_256_safe_feet/left_12.png","E:\Linxi_Production_Archive\source_assets\characters\linxi_t_early\walk_16f\processed_runtime_256_safe_feet\left_12.png","30866","2A91B510E51F538E2FB3BAFDF7E6AFF3C7EF49E4AA446E31D5A9D14EF2C098CB"
"characters/linxi_t_early/walk_16f/processed_runtime_256_safe_feet/left_13.png","E:\Linxi_Production_Archive\source_assets\characters\linxi_t_early\walk_16f\processed_runtime_256_safe_feet\left_13.png","29907","108B80C7E0413A6E917D4DD6E4B60047AF3E0A99FFC68F155A3CBA4B45C8D57B"
"characters/linxi_t_early/walk_16f/processed_runtime_256_safe_feet/left_14.png","E:\Linxi_Production_Archive\source_assets\characters\linxi_t_early\walk_16f\processed_runtime_256_safe_feet\left_14.png","31287","BC219334CC886A6BC118423AF10886754E69E44A61D6A5EE2540DDA656DA2538"
"characters/linxi_t_early/walk_16f/processed_runtime_256_safe_feet/left_15.png","E:\Linxi_Production_Archive\source_assets\characters\linxi_t_early\walk_16f\processed_runtime_256_safe_feet\left_15.png","28841","42C18FA4303588A0C29C10DC69AF6AA6C7F002D25509327096AA52821644BDB4"
"characters/linxi_t_early/walk_16f/processed_runtime_256_safe_feet/pipeline-meta.json","E:\Linxi_Production_Archive\source_assets\characters\linxi_t_early\walk_16f\processed_runtime_256_safe_feet\pipeline-meta.json","1727","37594A54FDF38762887571F56217F28FB27CEBD3B3AB5D1409ED39BD3BAFB6DC"
"characters/linxi_t_early/walk_16f/processed_runtime_256_safe_feet/right-strip.png","E:\Linxi_Production_Archive\source_assets\characters\linxi_t_early\walk_16f\processed_runtime_256_safe_feet\right-strip.png","465813","088868BAE8B646897CB6E4C455ABCDF2E88A3CBA2BCD33F0465D6B0C2D59BF15"
"characters/linxi_t_early/walk_16f/processed_runtime_256_safe_feet/right_00.png","E:\Linxi_Production_Archive\source_assets\characters\linxi_t_early\walk_16f\processed_runtime_256_safe_feet\right_00.png","28660","2F3E405D08EBFCCE14D96490B5293EAAB96045EB7E763EFC26D1B42CE97A485F"
"characters/linxi_t_early/walk_16f/processed_runtime_256_safe_feet/right_01.png","E:\Linxi_Production_Archive\source_assets\characters\linxi_t_early\walk_16f\processed_runtime_256_safe_feet\right_01.png","28594","F1DBC522D09C844C10D0FA0151D2C291FF62C68E358F58A371A6245FF1506F2A"
"characters/linxi_t_early/walk_16f/processed_runtime_256_safe_feet/right_02.png","E:\Linxi_Production_Archive\source_assets\characters\linxi_t_early\walk_16f\processed_runtime_256_safe_feet\right_02.png","26519","D3C8A7DECE0FADC4C5476ACFA20C1C22416333F54C4E1D6E2EA3824314981005"
"characters/linxi_t_early/walk_16f/processed_runtime_256_safe_feet/right_03.png","E:\Linxi_Production_Archive\source_assets\characters\linxi_t_early\walk_16f\processed_runtime_256_safe_feet\right_03.png","25899","8BE3D8635A407D467F40EE7FA66F2C30E41ED117A9C4054D79192A5C54432606"
"characters/linxi_t_early/walk_16f/processed_runtime_256_safe_feet/right_04.png","E:\Linxi_Production_Archive\source_assets\characters\linxi_t_early\walk_16f\processed_runtime_256_safe_feet\right_04.png","30422","5CF4005CBD81C780510DBCC1425486691F04580B8D58EAD029E124570928B546"
"characters/linxi_t_early/walk_16f/processed_runtime_256_safe_feet/right_05.png","E:\Linxi_Production_Archive\source_assets\characters\linxi_t_early\walk_16f\processed_runtime_256_safe_feet\right_05.png","30877","C0AA9B2E2FF7E4144A603CC4BEDE5E50170266C06CB1C92B9F0AE683AA14D4A8"
"characters/linxi_t_early/walk_16f/processed_runtime_256_safe_feet/right_06.png","E:\Linxi_Production_Archive\source_assets\characters\linxi_t_early\walk_16f\processed_runtime_256_safe_feet\right_06.png","31209","FCC582EC90BC6F617E3F1718CFF3F4C85BE1F006645E71A7A12C5D4163C694B7"
"characters/linxi_t_early/walk_16f/processed_runtime_256_safe_feet/right_07.png","E:\Linxi_Production_Archive\source_assets\characters\linxi_t_early\walk_16f\processed_runtime_256_safe_feet\right_07.png","30381","9AD4365FA9CE84B15838D6896895C5DD4D6BE4D9397F7B8B7D382D5B32529974"
"characters/linxi_t_early/walk_16f/processed_runtime_256_safe_feet/right_08.png","E:\Linxi_Production_Archive\source_assets\characters\linxi_t_early\walk_16f\processed_runtime_256_safe_feet\right_08.png","29333","42AB7DD6D4EFB609B1FB1E4098F47AFB4E6630BAABC943178A5B4F7E78C9E6CF"
"characters/linxi_t_early/walk_16f/processed_runtime_256_safe_feet/right_09.png","E:\Linxi_Production_Archive\source_assets\characters\linxi_t_early\walk_16f\processed_runtime_256_safe_feet\right_09.png","30377","C81AB81431FF8CCC1311F1ED892696073B4574D8B053CAB8E8E2215B309AE792"
"characters/linxi_t_early/walk_16f/processed_runtime_256_safe_feet/right_10.png","E:\Linxi_Production_Archive\source_assets\characters\linxi_t_early\walk_16f\processed_runtime_256_safe_feet\right_10.png","30267","3C13FCFE6B4C7D0AB374F8935BFE623CB15A23D45EC94121E32286A7311608E6"
"characters/linxi_t_early/walk_16f/processed_runtime_256_safe_feet/right_11.png","E:\Linxi_Production_Archive\source_assets\characters\linxi_t_early\walk_16f\processed_runtime_256_safe_feet\right_11.png","29504","7776A8D30C30905B983C0B64BFD935E0EA7166D604B77D95332AA83DDCB7CB1E"
"characters/linxi_t_early/walk_16f/processed_runtime_256_safe_feet/right_12.png","E:\Linxi_Production_Archive\source_assets\characters\linxi_t_early\walk_16f\processed_runtime_256_safe_feet\right_12.png","30877","699C5BD146D73208B5548E5501E4E4D03D541FD0A158E141D96AE263779E7CF1"
"characters/linxi_t_early/walk_16f/processed_runtime_256_safe_feet/right_13.png","E:\Linxi_Production_Archive\source_assets\characters\linxi_t_early\walk_16f\processed_runtime_256_safe_feet\right_13.png","29999","8395E88885F2933A2974655785BE758679B18962CB9A671D8D590DD94BC7AE2A"
"characters/linxi_t_early/walk_16f/processed_runtime_256_safe_feet/right_14.png","E:\Linxi_Production_Archive\source_assets\characters\linxi_t_early\walk_16f\processed_runtime_256_safe_feet\right_14.png","31236","B747C90246872D07F2A1E0290797B79EB895263844CD6FC28F6FA41847A56A18"
"characters/linxi_t_early/walk_16f/processed_runtime_256_safe_feet/right_15.png","E:\Linxi_Production_Archive\source_assets\characters\linxi_t_early\walk_16f\processed_runtime_256_safe_feet\right_15.png","28800","609881EE6711810BAAAD6A48C69388B0D8EBCD42D63C824D7A6F600AD9AE9ADF"
"characters/linxi_t_early/walk_16f/processed_runtime_256_safe_feet/sheet-transparent.png","E:\Linxi_Production_Archive\source_assets\characters\linxi_t_early\walk_16f\processed_runtime_256_safe_feet\sheet-transparent.png","463562","3D7FF2190F0373205D4C9CEF9150AA3FA2A3F9474A9315E08D6FB7C5FBCDA55F"
"characters/linxi_t_early/walk_16f/processed_runtime_256_safe_feet_main_component/animation.gif","E:\Linxi_Production_Archive\source_assets\characters\linxi_t_early\walk_16f\processed_runtime_256_safe_feet_main_component\animation.gif","135398","D54CBCA70215AE9B4164482FD7CA89AA251D9C44E4B5FCDDF04278BD5456B200"
"characters/linxi_t_early/walk_16f/processed_runtime_256_safe_feet_main_component/left-strip.png","E:\Linxi_Production_Archive\source_assets\characters\linxi_t_early\walk_16f\processed_runtime_256_safe_feet_main_component\left-strip.png","452583","47D8A445E642E2C192D7B0D69637534CE19BACA4A5701C9F8A8D0337C17E628F"
"characters/linxi_t_early/walk_16f/processed_runtime_256_safe_feet_main_component/left_00.png","E:\Linxi_Production_Archive\source_assets\characters\linxi_t_early\walk_16f\processed_runtime_256_safe_feet_main_component\left_00.png","28000","26918942024EBF93AD86F43252DAD1FFC1F0DFBAC4B66CFA506B569A05BD4437"
"characters/linxi_t_early/walk_16f/processed_runtime_256_safe_feet_main_component/left_01.png","E:\Linxi_Production_Archive\source_assets\characters\linxi_t_early\walk_16f\processed_runtime_256_safe_feet_main_component\left_01.png","27881","55F5D24AC4813E07895CF86457DB4F59448144931BB686B3A486077B04883E30"
"characters/linxi_t_early/walk_16f/processed_runtime_256_safe_feet_main_component/left_02.png","E:\Linxi_Production_Archive\source_assets\characters\linxi_t_early\walk_16f\processed_runtime_256_safe_feet_main_component\left_02.png","25947","834B353B9980A3F8498E8699EE5E364B07041C7C6AA4C57A3496163F8BF8AF81"
"characters/linxi_t_early/walk_16f/processed_runtime_256_safe_feet_main_component/left_03.png","E:\Linxi_Production_Archive\source_assets\characters\linxi_t_early\walk_16f\processed_runtime_256_safe_feet_main_component\left_03.png","25313","22FD5F05BA0F05E3301496CCE7F4573BC093B114CDD585D03554EA69A4708AF2"
"characters/linxi_t_early/walk_16f/processed_runtime_256_safe_feet_main_component/left_04.png","E:\Linxi_Production_Archive\source_assets\characters\linxi_t_early\walk_16f\processed_runtime_256_safe_feet_main_component\left_04.png","29622","B0A51CF28BBC0EB39F01B4FFA28EC33CAB281BB025D84312784510E91997D3DE"
"characters/linxi_t_early/walk_16f/processed_runtime_256_safe_feet_main_component/left_05.png","E:\Linxi_Production_Archive\source_assets\characters\linxi_t_early\walk_16f\processed_runtime_256_safe_feet_main_component\left_05.png","29974","CCDC9BF777945C95EA9E73738B3A03EFF3457D807352C64DF6B669F2EC60E9DA"
"characters/linxi_t_early/walk_16f/processed_runtime_256_safe_feet_main_component/left_06.png","E:\Linxi_Production_Archive\source_assets\characters\linxi_t_early\walk_16f\processed_runtime_256_safe_feet_main_component\left_06.png","30192","BBF86F0C1156DC25383FB681478B6C2939AAF674C80856D785E57E8FED28CBF6"
"characters/linxi_t_early/walk_16f/processed_runtime_256_safe_feet_main_component/left_07.png","E:\Linxi_Production_Archive\source_assets\characters\linxi_t_early\walk_16f\processed_runtime_256_safe_feet_main_component\left_07.png","29478","38FF35EC4F96B4EEC0B739BD268CB7040EF00786EEEFE82764CB2A46A55997BC"
"characters/linxi_t_early/walk_16f/processed_runtime_256_safe_feet_main_component/left_08.png","E:\Linxi_Production_Archive\source_assets\characters\linxi_t_early\walk_16f\processed_runtime_256_safe_feet_main_component\left_08.png","28645","850EB7EB731DCCE57341BFC48CB519D9A4B64163C655CDDE0CDE5144CA56247B"
"characters/linxi_t_early/walk_16f/processed_runtime_256_safe_feet_main_component/left_09.png","E:\Linxi_Production_Archive\source_assets\characters\linxi_t_early\walk_16f\processed_runtime_256_safe_feet_main_component\left_09.png","29578","D57CC186DBC0CD8C79225691D1B224BF2C368A5A01DFEC08C4652AFE692466E9"
"characters/linxi_t_early/walk_16f/processed_runtime_256_safe_feet_main_component/left_10.png","E:\Linxi_Production_Archive\source_assets\characters\linxi_t_early\walk_16f\processed_runtime_256_safe_feet_main_component\left_10.png","29521","33792E4E05369223209C5022C47C537D41F9EC7DC5F67C3E7DFC279369AB4117"
"characters/linxi_t_early/walk_16f/processed_runtime_256_safe_feet_main_component/left_11.png","E:\Linxi_Production_Archive\source_assets\characters\linxi_t_early\walk_16f\processed_runtime_256_safe_feet_main_component\left_11.png","28815","4F0D52FF9EF66E7DA7659701DC53AC74F1DE1698E899FDBD35EFF7A0E950A092"
"characters/linxi_t_early/walk_16f/processed_runtime_256_safe_feet_main_component/left_12.png","E:\Linxi_Production_Archive\source_assets\characters\linxi_t_early\walk_16f\processed_runtime_256_safe_feet_main_component\left_12.png","30052","2619F82C1BF94BDEB529C2CEECBD0022ED9C9880B99ECC18458CFC9CD4230387"
"characters/linxi_t_early/walk_16f/processed_runtime_256_safe_feet_main_component/left_13.png","E:\Linxi_Production_Archive\source_assets\characters\linxi_t_early\walk_16f\processed_runtime_256_safe_feet_main_component\left_13.png","29238","8ADC854CD031042165679C63A84D515F185A2082429EE68BFE21798C5349A240"
"characters/linxi_t_early/walk_16f/processed_runtime_256_safe_feet_main_component/left_14.png","E:\Linxi_Production_Archive\source_assets\characters\linxi_t_early\walk_16f\processed_runtime_256_safe_feet_main_component\left_14.png","30493","CFE7CF7D5BE0BB7663F0F72FB5935337EA4780D1CFC51F27D04082C96E659BEB"
"characters/linxi_t_early/walk_16f/processed_runtime_256_safe_feet_main_component/left_15.png","E:\Linxi_Production_Archive\source_assets\characters\linxi_t_early\walk_16f\processed_runtime_256_safe_feet_main_component\left_15.png","27972","04BDE100D1D956CAC9655F92802C35ACE1EC88AAC0BA8980D2BA90C5B1772294"
"characters/linxi_t_early/walk_16f/processed_runtime_256_safe_feet_main_component/pipeline-meta.json","E:\Linxi_Production_Archive\source_assets\characters\linxi_t_early\walk_16f\processed_runtime_256_safe_feet_main_component\pipeline-meta.json","5006","5B744BBE21C975491057E275EF7A6D9972F9A5D3705FA748D6EF27C6EA38BEA0"
"characters/linxi_t_early/walk_16f/processed_runtime_256_safe_feet_main_component/right-strip.png","E:\Linxi_Production_Archive\source_assets\characters\linxi_t_early\walk_16f\processed_runtime_256_safe_feet_main_component\right-strip.png","452647","3605B023706C9CEFA918C2200FE1A29CF8829352096D587A0FC1A3AA42E65E5F"
"characters/linxi_t_early/walk_16f/processed_runtime_256_safe_feet_main_component/right_00.png","E:\Linxi_Production_Archive\source_assets\characters\linxi_t_early\walk_16f\processed_runtime_256_safe_feet_main_component\right_00.png","27905","A854BFE73790351B86E6387BF7559C6EEC04FA2D7D220DD0CE73A07C0AA0502C"
"characters/linxi_t_early/walk_16f/processed_runtime_256_safe_feet_main_component/right_01.png","E:\Linxi_Production_Archive\source_assets\characters\linxi_t_early\walk_16f\processed_runtime_256_safe_feet_main_component\right_01.png","27833","57C5831A319EF76EECC9141F37E1706F6792B73F5AD0F73CF7D319895183EC81"
"characters/linxi_t_early/walk_16f/processed_runtime_256_safe_feet_main_component/right_02.png","E:\Linxi_Production_Archive\source_assets\characters\linxi_t_early\walk_16f\processed_runtime_256_safe_feet_main_component\right_02.png","25844","B421052ECE7692A4943AEED60D1DF69597A30A7B39FBC4227F821C765B30757B"
"characters/linxi_t_early/walk_16f/processed_runtime_256_safe_feet_main_component/right_03.png","E:\Linxi_Production_Archive\source_assets\characters\linxi_t_early\walk_16f\processed_runtime_256_safe_feet_main_component\right_03.png","25238","D5AE6851F40B3F69B068F1C12A03ADE602A3EAB616D5BF98CE487727DB86D137"
"characters/linxi_t_early/walk_16f/processed_runtime_256_safe_feet_main_component/right_04.png","E:\Linxi_Production_Archive\source_assets\characters\linxi_t_early\walk_16f\processed_runtime_256_safe_feet_main_component\right_04.png","29621","B2B2592CF1314185C72EB51B085901E679D84213FF5108117CEFBD793123FA44"
"characters/linxi_t_early/walk_16f/processed_runtime_256_safe_feet_main_component/right_05.png","E:\Linxi_Production_Archive\source_assets\characters\linxi_t_early\walk_16f\processed_runtime_256_safe_feet_main_component\right_05.png","29916","2CD169F8923BAC5D73B56B2F38A8EC796BC8729D3435CC86E605529AE3FEF4E1"
"characters/linxi_t_early/walk_16f/processed_runtime_256_safe_feet_main_component/right_06.png","E:\Linxi_Production_Archive\source_assets\characters\linxi_t_early\walk_16f\processed_runtime_256_safe_feet_main_component\right_06.png","30195","6580B7E32F332E5A7D42A0D7D8554A9F887F7EE941CB683CE0EFA8C9953F83B5"
"characters/linxi_t_early/walk_16f/processed_runtime_256_safe_feet_main_component/right_07.png","E:\Linxi_Production_Archive\source_assets\characters\linxi_t_early\walk_16f\processed_runtime_256_safe_feet_main_component\right_07.png","29360","2ABB69018935161A533E8A254B6BBFDB3777274B42F3188A696D7150131E4D85"
"characters/linxi_t_early/walk_16f/processed_runtime_256_safe_feet_main_component/right_08.png","E:\Linxi_Production_Archive\source_assets\characters\linxi_t_early\walk_16f\processed_runtime_256_safe_feet_main_component\right_08.png","28664","7A0E23ED184406AF7E78D50401A5D2852E1D49F8449EF4EF14F5D9F0CEE8BB29"
"characters/linxi_t_early/walk_16f/processed_runtime_256_safe_feet_main_component/right_09.png","E:\Linxi_Production_Archive\source_assets\characters\linxi_t_early\walk_16f\processed_runtime_256_safe_feet_main_component\right_09.png","29543","776ACA30F4F19565C077AA4A2FE04210640E062315367AD86F8DA0F6DB9270DD"
"characters/linxi_t_early/walk_16f/processed_runtime_256_safe_feet_main_component/right_10.png","E:\Linxi_Production_Archive\source_assets\characters\linxi_t_early\walk_16f\processed_runtime_256_safe_feet_main_component\right_10.png","29515","ED780ABA9C14360F63B8C33C4A0B7E50C70827CE6A4F2591BD75296B5A816861"
"characters/linxi_t_early/walk_16f/processed_runtime_256_safe_feet_main_component/right_11.png","E:\Linxi_Production_Archive\source_assets\characters\linxi_t_early\walk_16f\processed_runtime_256_safe_feet_main_component\right_11.png","28659","24D0F3E292C8430D70ECF467B999C9BD67BCCD07B2D870EFCBA68E89A4B339C3"
"characters/linxi_t_early/walk_16f/processed_runtime_256_safe_feet_main_component/right_12.png","E:\Linxi_Production_Archive\source_assets\characters\linxi_t_early\walk_16f\processed_runtime_256_safe_feet_main_component\right_12.png","30039","950377D1C66C37F8168BA7FDD48FB7491497F137DDB43ECD1AFA9AB426072322"
"characters/linxi_t_early/walk_16f/processed_runtime_256_safe_feet_main_component/right_13.png","E:\Linxi_Production_Archive\source_assets\characters\linxi_t_early\walk_16f\processed_runtime_256_safe_feet_main_component\right_13.png","29320","B64702A7AD07DE3474AC371501484CD5277BD7DBEB3F725AF9D21333A745EEC7"
"characters/linxi_t_early/walk_16f/processed_runtime_256_safe_feet_main_component/right_14.png","E:\Linxi_Production_Archive\source_assets\characters\linxi_t_early\walk_16f\processed_runtime_256_safe_feet_main_component\right_14.png","30428","D3DDD8837D1A2B65B89F609C1DA891BCF4D74521BE15727CB9105496006A251D"
"characters/linxi_t_early/walk_16f/processed_runtime_256_safe_feet_main_component/right_15.png","E:\Linxi_Production_Archive\source_assets\characters\linxi_t_early\walk_16f\processed_runtime_256_safe_feet_main_component\right_15.png","27881","C081AB0CEFFD4534BE70354E3E2E10D7B5BABA8E143A1E8EDB8266DE1C19DB81"
"characters/linxi_t_early/walk_16f/processed_runtime_256_safe_feet_main_component/sheet-transparent.png","E:\Linxi_Production_Archive\source_assets\characters\linxi_t_early\walk_16f\processed_runtime_256_safe_feet_main_component\sheet-transparent.png","450825","CE29584CA3692D89C372FD5AEF74660E409AFB31D1E4384F86E90FD0C6FB1675"
"characters/linxi_t_early/walk_16f_close_legs_v1/prompt-used.txt","E:\Linxi_Production_Archive\source_assets\characters\linxi_t_early\walk_16f_close_legs_v1\prompt-used.txt","2835","4C99FFB08A8F605F4585E83DE88B022A16A0E18089B738FC2A1AC75B0919AF83"
"characters/linxi_t_early/walk_16f_close_legs_v1/raw-sheet.png","E:\Linxi_Production_Archive\source_assets\characters\linxi_t_early\walk_16f_close_legs_v1\raw-sheet.png","1474957","709797851B9480F214071DF6B9CCE99316D7B4168E07990AE806CF56EA5104AC"
"characters/linxi_t_early/walk_16f_close_legs_v1/README.md","E:\Linxi_Production_Archive\source_assets\characters\linxi_t_early\walk_16f_close_legs_v1\README.md","1746","2080E78092CE2A6B541C05F8CD4562C95DBCA85FCD89B30EB355D981640DBB2E"
"characters/linxi_t_early/walk_16f_close_legs_v1/bottom_aligned_preview/animation-bottom-aligned.gif","E:\Linxi_Production_Archive\source_assets\characters\linxi_t_early\walk_16f_close_legs_v1\bottom_aligned_preview\animation-bottom-aligned.gif","178731","8A2EAEE40F127C437DEFF66D7530DB30A51B67FE2FCE13E5DD23AC29C33B86E9"
"characters/linxi_t_early/walk_16f_close_legs_v1/bottom_aligned_preview/bottom-anchor-meta.json","E:\Linxi_Production_Archive\source_assets\characters\linxi_t_early\walk_16f_close_legs_v1\bottom_aligned_preview\bottom-anchor-meta.json","5675","C9F2033A95EB429809C931D26508A30B6D4E55CE8841E1D5DBDB0A33FD03F6E0"
"characters/linxi_t_early/walk_16f_close_legs_v1/bottom_aligned_preview/right-strip-bottom-aligned.png","E:\Linxi_Production_Archive\source_assets\characters\linxi_t_early\walk_16f_close_legs_v1\bottom_aligned_preview\right-strip-bottom-aligned.png","610367","11171B046775F6AE4D10E546356DB184396A957E8527851E8B567406EDD19062"
"characters/linxi_t_early/walk_16f_close_legs_v1/bottom_aligned_preview/right_00.png","E:\Linxi_Production_Archive\source_assets\characters\linxi_t_early\walk_16f_close_legs_v1\bottom_aligned_preview\right_00.png","40178","0E570DC138FA6276E7B43B9C8028346FD561B076497714DD5DABDCB60C2FA97F"
"characters/linxi_t_early/walk_16f_close_legs_v1/bottom_aligned_preview/right_01.png","E:\Linxi_Production_Archive\source_assets\characters\linxi_t_early\walk_16f_close_legs_v1\bottom_aligned_preview\right_01.png","40110","CE091C4332395763AC078A073448BE967745DEB1C77D9E701D0CF977E719C8C0"
"characters/linxi_t_early/walk_16f_close_legs_v1/bottom_aligned_preview/right_02.png","E:\Linxi_Production_Archive\source_assets\characters\linxi_t_early\walk_16f_close_legs_v1\bottom_aligned_preview\right_02.png","39210","4035306B00988413D007901D581FDA9DA7900314C4BDFA2C14B3FB88714C4814"
"characters/linxi_t_early/walk_16f_close_legs_v1/bottom_aligned_preview/right_03.png","E:\Linxi_Production_Archive\source_assets\characters\linxi_t_early\walk_16f_close_legs_v1\bottom_aligned_preview\right_03.png","39015","124D8B5203BE8BAF5BB444AD2CD728D2641DF43565879EEC910253704C7CA704"
"characters/linxi_t_early/walk_16f_close_legs_v1/bottom_aligned_preview/right_04.png","E:\Linxi_Production_Archive\source_assets\characters\linxi_t_early\walk_16f_close_legs_v1\bottom_aligned_preview\right_04.png","39828","74ECEE58ECA1CAA26B2BA96990353C3C52049DFEF53F9A25ED0652B897C1B6B2"
"characters/linxi_t_early/walk_16f_close_legs_v1/bottom_aligned_preview/right_05.png","E:\Linxi_Production_Archive\source_assets\characters\linxi_t_early\walk_16f_close_legs_v1\bottom_aligned_preview\right_05.png","39531","220017AEB5355357938B6DF5C5E14C2347C867A324947405A7EED415CECE7006"
"characters/linxi_t_early/walk_16f_close_legs_v1/bottom_aligned_preview/right_06.png","E:\Linxi_Production_Archive\source_assets\characters\linxi_t_early\walk_16f_close_legs_v1\bottom_aligned_preview\right_06.png","38698","CA47933A65C736368D33E3D4DD750BB2C2CFCAF02EA55CF03DF183606C4D14F6"
"characters/linxi_t_early/walk_16f_close_legs_v1/bottom_aligned_preview/right_07.png","E:\Linxi_Production_Archive\source_assets\characters\linxi_t_early\walk_16f_close_legs_v1\bottom_aligned_preview\right_07.png","38174","71195DBDAB6A51F9B29BB85244D83B683064E14523FF064486869D63BFDA117C"
"characters/linxi_t_early/walk_16f_close_legs_v1/bottom_aligned_preview/right_08.png","E:\Linxi_Production_Archive\source_assets\characters\linxi_t_early\walk_16f_close_legs_v1\bottom_aligned_preview\right_08.png","39956","985125C06BC5CBB2706990958754100037A09993FAB0BDE9C429F5DD9563838E"
"characters/linxi_t_early/walk_16f_close_legs_v1/bottom_aligned_preview/right_09.png","E:\Linxi_Production_Archive\source_assets\characters\linxi_t_early\walk_16f_close_legs_v1\bottom_aligned_preview\right_09.png","39889","5C79A563FA9C94F9E08BAFA5C880875357CA94BC63EAB9CD08E314ED1374E9C8"
"characters/linxi_t_early/walk_16f_close_legs_v1/bottom_aligned_preview/right_10.png","E:\Linxi_Production_Archive\source_assets\characters\linxi_t_early\walk_16f_close_legs_v1\bottom_aligned_preview\right_10.png","38272","063B0A44B52AB9CDE9CB2ACE90A045806DDF1ED3AA1CA3163E84FE6C0FB1A704"
"characters/linxi_t_early/walk_16f_close_legs_v1/bottom_aligned_preview/right_11.png","E:\Linxi_Production_Archive\source_assets\characters\linxi_t_early\walk_16f_close_legs_v1\bottom_aligned_preview\right_11.png","37615","AD752BAD04B4CF6A9C3CBFFC83CBB28A795B68950727A7E2032BAE083EB1037C"
"characters/linxi_t_early/walk_16f_close_legs_v1/bottom_aligned_preview/right_12.png","E:\Linxi_Production_Archive\source_assets\characters\linxi_t_early\walk_16f_close_legs_v1\bottom_aligned_preview\right_12.png","39816","68442C0A72F5B3E4F367F63EC04CB6B6BEBE52238F26384EFDEECB23724EA5D9"
"characters/linxi_t_early/walk_16f_close_legs_v1/bottom_aligned_preview/right_13.png","E:\Linxi_Production_Archive\source_assets\characters\linxi_t_early\walk_16f_close_legs_v1\bottom_aligned_preview\right_13.png","38710","AD7A1A1E5FB170D668965FE9489277C2FD5114012A5DB6661C7F38737F983038"
"characters/linxi_t_early/walk_16f_close_legs_v1/bottom_aligned_preview/right_14.png","E:\Linxi_Production_Archive\source_assets\characters\linxi_t_early\walk_16f_close_legs_v1\bottom_aligned_preview\right_14.png","38817","ABE6DA1A640785E09BC5FF152332865B80610F67D273454BE35C5D6925E96C22"
"characters/linxi_t_early/walk_16f_close_legs_v1/bottom_aligned_preview/right_15.png","E:\Linxi_Production_Archive\source_assets\characters\linxi_t_early\walk_16f_close_legs_v1\bottom_aligned_preview\right_15.png","38881","5B5B48793B8C235017B3D2E3C9DFC160E30C61B6D496EAC7A66172B2A5CECB84"
"characters/linxi_t_early/walk_16f_close_legs_v1/preview_cells_preserved/animation-preserved-cells.gif","E:\Linxi_Production_Archive\source_assets\characters\linxi_t_early\walk_16f_close_legs_v1\preview_cells_preserved\animation-preserved-cells.gif","180545","E674BA5A2FE317E5999976736A99E2D2B51F957C1E40BE4ADF526589F39BB290"
"characters/linxi_t_early/walk_16f_close_legs_v1/preview_cells_preserved/frame_00.png","E:\Linxi_Production_Archive\source_assets\characters\linxi_t_early\walk_16f_close_legs_v1\preview_cells_preserved\frame_00.png","40484","94F48642BC4893DA3AEF872590FC14EAE814D6FBC7D689162FC3CD549CDC3A19"
"characters/linxi_t_early/walk_16f_close_legs_v1/preview_cells_preserved/frame_01.png","E:\Linxi_Production_Archive\source_assets\characters\linxi_t_early\walk_16f_close_legs_v1\preview_cells_preserved\frame_01.png","40465","D7EC16878A9B90647C3C7AB9746B41CD9AE1EEC978177257A4AFE34CCABA5132"
"characters/linxi_t_early/walk_16f_close_legs_v1/preview_cells_preserved/frame_02.png","E:\Linxi_Production_Archive\source_assets\characters\linxi_t_early\walk_16f_close_legs_v1\preview_cells_preserved\frame_02.png","39553","7E72A298ABDDDE1309205050B0FA7BB5997FF871B88666740873DA9376B9B616"
"characters/linxi_t_early/walk_16f_close_legs_v1/preview_cells_preserved/frame_03.png","E:\Linxi_Production_Archive\source_assets\characters\linxi_t_early\walk_16f_close_legs_v1\preview_cells_preserved\frame_03.png","39286","FFE04AEFA880B16A0B80E289F5929DFA2B81AF4AEC96350EF88539F64A3F748C"
"characters/linxi_t_early/walk_16f_close_legs_v1/preview_cells_preserved/frame_04.png","E:\Linxi_Production_Archive\source_assets\characters\linxi_t_early\walk_16f_close_legs_v1\preview_cells_preserved\frame_04.png","40080","5905C5E55FD94CB2E8E077F08E538AA64E62DBC67D3BA18FBFB8E3EF9722E1E6"
"characters/linxi_t_early/walk_16f_close_legs_v1/preview_cells_preserved/frame_05.png","E:\Linxi_Production_Archive\source_assets\characters\linxi_t_early\walk_16f_close_legs_v1\preview_cells_preserved\frame_05.png","39884","C0E1E35F6EFE2CAC9E9762BA63453197FEBB05348F46606C32E192340F7BC015"
"characters/linxi_t_early/walk_16f_close_legs_v1/preview_cells_preserved/frame_06.png","E:\Linxi_Production_Archive\source_assets\characters\linxi_t_early\walk_16f_close_legs_v1\preview_cells_preserved\frame_06.png","39043","AC1C23170D76700FD5D29A0E272C859DC6E469321AB2411CBD0E2A83350274CF"
"characters/linxi_t_early/walk_16f_close_legs_v1/preview_cells_preserved/frame_07.png","E:\Linxi_Production_Archive\source_assets\characters\linxi_t_early\walk_16f_close_legs_v1\preview_cells_preserved\frame_07.png","38420","9AEE2B4EE2E77C75D7417657EA859AB5CDAFAD404B5DAF78AAE7F69C5047BD69"
"characters/linxi_t_early/walk_16f_close_legs_v1/preview_cells_preserved/frame_08.png","E:\Linxi_Production_Archive\source_assets\characters\linxi_t_early\walk_16f_close_legs_v1\preview_cells_preserved\frame_08.png","40277","B84E5DB8DE349008655CDF508444656C1C8BB8E40C692CDE5DF5C3E63695F2FC"
"characters/linxi_t_early/walk_16f_close_legs_v1/preview_cells_preserved/frame_09.png","E:\Linxi_Production_Archive\source_assets\characters\linxi_t_early\walk_16f_close_legs_v1\preview_cells_preserved\frame_09.png","40127","57C79211243747615980B62E8BA2D9A59E9C6D94A58A62385C6768711F042039"
"characters/linxi_t_early/walk_16f_close_legs_v1/preview_cells_preserved/frame_10.png","E:\Linxi_Production_Archive\source_assets\characters\linxi_t_early\walk_16f_close_legs_v1\preview_cells_preserved\frame_10.png","38546","741311A49F0C5C99ACA4CE274F8B5814943F759DCB34A5669612B74B2A07E2DF"
"characters/linxi_t_early/walk_16f_close_legs_v1/preview_cells_preserved/frame_11.png","E:\Linxi_Production_Archive\source_assets\characters\linxi_t_early\walk_16f_close_legs_v1\preview_cells_preserved\frame_11.png","37913","139484AE414491101062460F230F702B4BBC957B5BB4E06A4D568213991F4816"
"characters/linxi_t_early/walk_16f_close_legs_v1/preview_cells_preserved/frame_12.png","E:\Linxi_Production_Archive\source_assets\characters\linxi_t_early\walk_16f_close_legs_v1\preview_cells_preserved\frame_12.png","40071","87D0137159CC5FADFAE8C492C33485AE1A5A64B63CA6880E9030AEBA7BA21A4D"
"characters/linxi_t_early/walk_16f_close_legs_v1/preview_cells_preserved/frame_13.png","E:\Linxi_Production_Archive\source_assets\characters\linxi_t_early\walk_16f_close_legs_v1\preview_cells_preserved\frame_13.png","38911","83A2631C9DE26CDDECB58757B344CAD1067995E3F3D3F405836313CF328574BD"
"characters/linxi_t_early/walk_16f_close_legs_v1/preview_cells_preserved/frame_14.png","E:\Linxi_Production_Archive\source_assets\characters\linxi_t_early\walk_16f_close_legs_v1\preview_cells_preserved\frame_14.png","39038","FDCCA78CF4D02CAB30C0640DB95E76F78B64C92152FA889928B7DFB8C38E7324"
"characters/linxi_t_early/walk_16f_close_legs_v1/preview_cells_preserved/frame_15.png","E:\Linxi_Production_Archive\source_assets\characters\linxi_t_early\walk_16f_close_legs_v1\preview_cells_preserved\frame_15.png","39225","8A576EBB8DC6312B6FD327A4C01591252F36D3D63D180DE2C67CD99CC2EE0D75"
"characters/linxi_t_early/walk_16f_close_legs_v1/preview_cells_preserved/right-strip-preserved-cells.png","E:\Linxi_Production_Archive\source_assets\characters\linxi_t_early\walk_16f_close_legs_v1\preview_cells_preserved\right-strip-preserved-cells.png","621786","919532F7DB216166535BE3997947A18789C255376179D67807205AC1D1C81B06"
"characters/linxi_t_early/walk_16f_close_legs_v2/raw-sheet.png","E:\Linxi_Production_Archive\source_assets\characters\linxi_t_early\walk_16f_close_legs_v2\raw-sheet.png","1535940","C43BB9785D37F224C55B9EB7C515A1DD0160673CE140DA60DB56F7604C688DCF"
"characters/linxi_t_early/walk_16f_close_legs_v2/README.md","E:\Linxi_Production_Archive\source_assets\characters\linxi_t_early\walk_16f_close_legs_v2\README.md","1382","9ACFCF4E34389A866403174822170B34B2193684049062E3AC03097995298F34"
"characters/linxi_t_early/walk_16f_close_legs_v2/bottom_aligned_preview/animation-bottom-aligned.gif","E:\Linxi_Production_Archive\source_assets\characters\linxi_t_early\walk_16f_close_legs_v2\bottom_aligned_preview\animation-bottom-aligned.gif","178994","5E0A874BCD76B2577FD89C9F2C1AA10FC706E2613204F258FF885EB931E9973B"
"characters/linxi_t_early/walk_16f_close_legs_v2/bottom_aligned_preview/bottom-anchor-meta.json","E:\Linxi_Production_Archive\source_assets\characters\linxi_t_early\walk_16f_close_legs_v2\bottom_aligned_preview\bottom-anchor-meta.json","5687","3344AEAFED4029D17C8537AFAAC81CBDB2989C5212049A64C44C4696241336BF"
"characters/linxi_t_early/walk_16f_close_legs_v2/bottom_aligned_preview/right-strip-bottom-aligned.png","E:\Linxi_Production_Archive\source_assets\characters\linxi_t_early\walk_16f_close_legs_v2\bottom_aligned_preview\right-strip-bottom-aligned.png","631694","C6C094D7D8B50DCA996151219591C012DCFE86E34C7FB4A2EFA142F091B32E61"
"characters/linxi_t_early/walk_16f_close_legs_v2/bottom_aligned_preview/right_00.png","E:\Linxi_Production_Archive\source_assets\characters\linxi_t_early\walk_16f_close_legs_v2\bottom_aligned_preview\right_00.png","38702","8393C105BE9DD836BDEEA710898E44B18C570DB98F22095CC59A4A14177DE2BB"
"characters/linxi_t_early/walk_16f_close_legs_v2/bottom_aligned_preview/right_01.png","E:\Linxi_Production_Archive\source_assets\characters\linxi_t_early\walk_16f_close_legs_v2\bottom_aligned_preview\right_01.png","38815","CCED4D67F01B877AB661CEA6134F8739A6EDA61D9F103F9450E79CBEEE2CA2F0"
"characters/linxi_t_early/walk_16f_close_legs_v2/bottom_aligned_preview/right_02.png","E:\Linxi_Production_Archive\source_assets\characters\linxi_t_early\walk_16f_close_legs_v2\bottom_aligned_preview\right_02.png","36931","C79DCB49FF540376EB4A7EEC7A157883E107B601C7FE34B7B9919D2DEE392E4B"
"characters/linxi_t_early/walk_16f_close_legs_v2/bottom_aligned_preview/right_03.png","E:\Linxi_Production_Archive\source_assets\characters\linxi_t_early\walk_16f_close_legs_v2\bottom_aligned_preview\right_03.png","35677","658A64C7D49B2880DF6E5BD1C2DA50D1F1E721D72FB4BCD5E39BE4F2F9397ED5"
"characters/linxi_t_early/walk_16f_close_legs_v2/bottom_aligned_preview/right_04.png","E:\Linxi_Production_Archive\source_assets\characters\linxi_t_early\walk_16f_close_legs_v2\bottom_aligned_preview\right_04.png","40870","92BA23743C08B1432B99C6137C473F5F3FE3D9FBDCD15A623E47D428EF2F515B"
"characters/linxi_t_early/walk_16f_close_legs_v2/bottom_aligned_preview/right_05.png","E:\Linxi_Production_Archive\source_assets\characters\linxi_t_early\walk_16f_close_legs_v2\bottom_aligned_preview\right_05.png","41290","CBFCCA294F314FB3A430FFA23CB68059A109DC12DE97A52B5629402C806A2010"
"characters/linxi_t_early/walk_16f_close_legs_v2/bottom_aligned_preview/right_06.png","E:\Linxi_Production_Archive\source_assets\characters\linxi_t_early\walk_16f_close_legs_v2\bottom_aligned_preview\right_06.png","41946","D175A3BB6154222C4A4CCBE7F6C756B9A728353C5E8E1100BD58BD14C95E1FC7"
"characters/linxi_t_early/walk_16f_close_legs_v2/bottom_aligned_preview/right_07.png","E:\Linxi_Production_Archive\source_assets\characters\linxi_t_early\walk_16f_close_legs_v2\bottom_aligned_preview\right_07.png","40790","9859EDB589EE41724439118B518570E2688E1E868A577F25D0A556287F7753C0"
"characters/linxi_t_early/walk_16f_close_legs_v2/bottom_aligned_preview/right_08.png","E:\Linxi_Production_Archive\source_assets\characters\linxi_t_early\walk_16f_close_legs_v2\bottom_aligned_preview\right_08.png","40030","4A6775FCCE9B0C70EE00898D1D9E93231834E1F1A9A8C71C54F1E8C9FFD2539E"
"characters/linxi_t_early/walk_16f_close_legs_v2/bottom_aligned_preview/right_09.png","E:\Linxi_Production_Archive\source_assets\characters\linxi_t_early\walk_16f_close_legs_v2\bottom_aligned_preview\right_09.png","41321","119D8918AB5E25D77EE396C706DBA117E55980154C9BB4C0D7DFF2B51B88A2CB"
"characters/linxi_t_early/walk_16f_close_legs_v2/bottom_aligned_preview/right_10.png","E:\Linxi_Production_Archive\source_assets\characters\linxi_t_early\walk_16f_close_legs_v2\bottom_aligned_preview\right_10.png","41592","B67F040130A2F98392BE68C2DC0E98ADCC0AF056FDE2A2D225AAF83A86CC00A3"
"characters/linxi_t_early/walk_16f_close_legs_v2/bottom_aligned_preview/right_11.png","E:\Linxi_Production_Archive\source_assets\characters\linxi_t_early\walk_16f_close_legs_v2\bottom_aligned_preview\right_11.png","40521","8D054C480B6BF20C7B358057A4633B4ECD2156F671265E781DE6AA981A28E586"
"characters/linxi_t_early/walk_16f_close_legs_v2/bottom_aligned_preview/right_12.png","E:\Linxi_Production_Archive\source_assets\characters\linxi_t_early\walk_16f_close_legs_v2\bottom_aligned_preview\right_12.png","41682","EACE70EFEBBA79048918BEE3EA7B64FBACCAB47FFCCE2C65661AB86B31C201CF"
"characters/linxi_t_early/walk_16f_close_legs_v2/bottom_aligned_preview/right_13.png","E:\Linxi_Production_Archive\source_assets\characters\linxi_t_early\walk_16f_close_legs_v2\bottom_aligned_preview\right_13.png","40853","1C0F77C337E8A5A367C806E757B3852E4372AE7CF0F10729D882C9DD495C6401"
"characters/linxi_t_early/walk_16f_close_legs_v2/bottom_aligned_preview/right_14.png","E:\Linxi_Production_Archive\source_assets\characters\linxi_t_early\walk_16f_close_legs_v2\bottom_aligned_preview\right_14.png","42454","7A5FFBDC1C6176FD3660B28F71EBF0D47A3017FD9193AC8182CCD4837E2CAD5A"
"characters/linxi_t_early/walk_16f_close_legs_v2/bottom_aligned_preview/right_15.png","E:\Linxi_Production_Archive\source_assets\characters\linxi_t_early\walk_16f_close_legs_v2\bottom_aligned_preview\right_15.png","39415","DA499E6FD8A8F02296760CD2CD746636DAF1B780625B1C33917A7B69C7427015"
"characters/linxi_t_early/walk_16f_close_legs_v2/preview_cells_preserved/animation-preserved-cells.gif","E:\Linxi_Production_Archive\source_assets\characters\linxi_t_early\walk_16f_close_legs_v2\preview_cells_preserved\animation-preserved-cells.gif","186340","06D9E28E03DDAD4DFD560CEB9D08DB63F6744C83BAD0AA3670435571C84F1B63"
"characters/linxi_t_early/walk_16f_close_legs_v2/preview_cells_preserved/frame_00.png","E:\Linxi_Production_Archive\source_assets\characters\linxi_t_early\walk_16f_close_legs_v2\preview_cells_preserved\frame_00.png","38972","3E87250C82CFA11313C48AB6CA0F85AF63BCB8228497EB32E4E2A6246067BF0D"
"characters/linxi_t_early/walk_16f_close_legs_v2/preview_cells_preserved/frame_01.png","E:\Linxi_Production_Archive\source_assets\characters\linxi_t_early\walk_16f_close_legs_v2\preview_cells_preserved\frame_01.png","39122","1B3C7F3A41B83B20DAFDC655E9C62FCA42A99C8CE7EF537AA9F2D1DE1BBB9AEE"
"characters/linxi_t_early/walk_16f_close_legs_v2/preview_cells_preserved/frame_02.png","E:\Linxi_Production_Archive\source_assets\characters\linxi_t_early\walk_16f_close_legs_v2\preview_cells_preserved\frame_02.png","37179","CCE48CE68A40B71E568B5A826957BD2CD28A8D3754C4FF96054E0DE6E8403558"
"characters/linxi_t_early/walk_16f_close_legs_v2/preview_cells_preserved/frame_03.png","E:\Linxi_Production_Archive\source_assets\characters\linxi_t_early\walk_16f_close_legs_v2\preview_cells_preserved\frame_03.png","35853","C65292BC256A40B352788CB573456A694A07D77E45F38AA175C8647189AEF69D"
"characters/linxi_t_early/walk_16f_close_legs_v2/preview_cells_preserved/frame_04.png","E:\Linxi_Production_Archive\source_assets\characters\linxi_t_early\walk_16f_close_legs_v2\preview_cells_preserved\frame_04.png","44798","3BA65845611B91FD4F9AA1C1463E0F13E28BD45AD65D1D5C9E08EE93E4FAAC7A"
"characters/linxi_t_early/walk_16f_close_legs_v2/preview_cells_preserved/frame_05.png","E:\Linxi_Production_Archive\source_assets\characters\linxi_t_early\walk_16f_close_legs_v2\preview_cells_preserved\frame_05.png","44751","98DEC08E7E264FF7CC9E8A8F48DAA1435DBB239DDFE47D95502AE6707A609380"
"characters/linxi_t_early/walk_16f_close_legs_v2/preview_cells_preserved/frame_06.png","E:\Linxi_Production_Archive\source_assets\characters\linxi_t_early\walk_16f_close_legs_v2\preview_cells_preserved\frame_06.png","45900","BC592F35DA5C5CFC07358769730506886196C5BA3AD6C900A5650FE2FE176695"
"characters/linxi_t_early/walk_16f_close_legs_v2/preview_cells_preserved/frame_07.png","E:\Linxi_Production_Archive\source_assets\characters\linxi_t_early\walk_16f_close_legs_v2\preview_cells_preserved\frame_07.png","44145","18F964181504E9390FCC62E0B6ECF3E6C50D0CCB13A4EFAB608320D6B0C00D21"
"characters/linxi_t_early/walk_16f_close_legs_v2/preview_cells_preserved/frame_08.png","E:\Linxi_Production_Archive\source_assets\characters\linxi_t_early\walk_16f_close_legs_v2\preview_cells_preserved\frame_08.png","42280","8DBDB933C46C17176C4EC2E22762D86E1521136457EE3E81418B4D43BAD2298F"
"characters/linxi_t_early/walk_16f_close_legs_v2/preview_cells_preserved/frame_09.png","E:\Linxi_Production_Archive\source_assets\characters\linxi_t_early\walk_16f_close_legs_v2\preview_cells_preserved\frame_09.png","43632","73B0725597B5364911C0062E2FBFE6159D024304BCCBB3824E1FB0D535D0C99B"
"characters/linxi_t_early/walk_16f_close_legs_v2/preview_cells_preserved/frame_10.png","E:\Linxi_Production_Archive\source_assets\characters\linxi_t_early\walk_16f_close_legs_v2\preview_cells_preserved\frame_10.png","43570","D5582211FB6DD8465A3A7B09119B75808E9A3E4936DC9F8150E7504E75466190"
"characters/linxi_t_early/walk_16f_close_legs_v2/preview_cells_preserved/frame_11.png","E:\Linxi_Production_Archive\source_assets\characters\linxi_t_early\walk_16f_close_legs_v2\preview_cells_preserved\frame_11.png","42658","2640DB2C4604D4CFA2C61616EFE3AD46053286B19D7E884B88981F2EA523CE13"
"characters/linxi_t_early/walk_16f_close_legs_v2/preview_cells_preserved/frame_12.png","E:\Linxi_Production_Archive\source_assets\characters\linxi_t_early\walk_16f_close_legs_v2\preview_cells_preserved\frame_12.png","41996","55D663F5E4214112277951DA67DE9E39CC29C0ABF909D70C5C72DBF501526705"
"characters/linxi_t_early/walk_16f_close_legs_v2/preview_cells_preserved/frame_13.png","E:\Linxi_Production_Archive\source_assets\characters\linxi_t_early\walk_16f_close_legs_v2\preview_cells_preserved\frame_13.png","41263","B9EC8119168A12462DA1048B02497AE4CF4F369F99B69AA6248F5C17EB23DE44"
"characters/linxi_t_early/walk_16f_close_legs_v2/preview_cells_preserved/frame_14.png","E:\Linxi_Production_Archive\source_assets\characters\linxi_t_early\walk_16f_close_legs_v2\preview_cells_preserved\frame_14.png","42843","10BA229A8EE4B2645488AD9A1C8D7E90783F702414FAC574E7C20CA4CDAAB149"
"characters/linxi_t_early/walk_16f_close_legs_v2/preview_cells_preserved/frame_15.png","E:\Linxi_Production_Archive\source_assets\characters\linxi_t_early\walk_16f_close_legs_v2\preview_cells_preserved\frame_15.png","39908","647AD0A206A97E740AD66987E4ABD765D209A773F8CA25AAE63414CEA599C18E"
"characters/linxi_t_early/walk_16f_close_legs_v2/preview_cells_preserved/right-strip-preserved-cells.png","E:\Linxi_Production_Archive\source_assets\characters\linxi_t_early\walk_16f_close_legs_v2\preview_cells_preserved\right-strip-preserved-cells.png","660804","D3C0B6C1E1A0F5CF78FF1B1BFE5FC5EEBE8A21B1CBE0823840118D327180881C"
"characters/linxi_t_early/weak_idle/processed/00_idle_00.png","E:\Linxi_Production_Archive\source_assets\characters\linxi_t_early\weak_idle\processed\00_idle_00.png","23577","CC42E5A07CB51F5A52F4037CE52CD5B3E336443976D3EDA5D1A4F00A84804D5D"
"characters/linxi_t_early/weak_idle/processed/01_idle_01.png","E:\Linxi_Production_Archive\source_assets\characters\linxi_t_early\weak_idle\processed\01_idle_01.png","23034","14F66CE72E615659AE25CBE2EA5E010FBEEA95B9BC6249CE4B7D5C736D0FC8EF"
"characters/linxi_t_early/weak_idle/processed/02_idle_02.png","E:\Linxi_Production_Archive\source_assets\characters\linxi_t_early\weak_idle\processed\02_idle_02.png","23854","F57632B983E2396E0F72418DCFD5A18316D27E6F570C5803B4C46FE77CBB13CF"
"characters/linxi_t_early/weak_idle/processed/03_idle_03.png","E:\Linxi_Production_Archive\source_assets\characters\linxi_t_early\weak_idle\processed\03_idle_03.png","23878","94C43B1FFF4B916A08EA96792FB16671628F5C414169F40AE1DFE63B6F2562E8"
"characters/linxi_t_early/weak_idle/processed/pipeline-meta.json","E:\Linxi_Production_Archive\source_assets\characters\linxi_t_early\weak_idle\processed\pipeline-meta.json","4637","05918E88A8A72EEFBC1EE23A7B225B065B68D845AEC872570F2ED70A4761DE22"
"characters/linxi_t_early/weak_idle/processed/raw-sheet.png","E:\Linxi_Production_Archive\source_assets\characters\linxi_t_early\weak_idle\processed\raw-sheet.png","796213","E81133DDF0D8A26DCA062AD5372F9418671AD7289DF192E554E2F9D4D971B924"
"characters/linxi_t_early/weak_idle/processed/sheet-transparent.png","E:\Linxi_Production_Archive\source_assets\characters\linxi_t_early\weak_idle\processed\sheet-transparent.png","92595","9866A218DDC5413838000153C805897C0B95B7B3111379E7CFBC9986D006E685"
"characters/linxi_t_early/weak_walk_v2/raw-sheet-6frame-kept-reference.png","E:\Linxi_Production_Archive\source_assets\characters\linxi_t_early\weak_walk_v2\raw-sheet-6frame-kept-reference.png","1502848","C7ED45EF8DD9507784F1F680F0A53A4226F3244C7ECDDEAD33148B6E52C1CC4E"
"characters/linxi_t_early/weak_walk_v2/raw-sheet.png","E:\Linxi_Production_Archive\source_assets\characters\linxi_t_early\weak_walk_v2\raw-sheet.png","1586632","AC2A6C685B10ADFF271FED4D4823E753BBF2D154380E39CCF641D73CD61D8FBE"
"characters/linxi_t_early/weak_walk_v2/processed/animation.gif","E:\Linxi_Production_Archive\source_assets\characters\linxi_t_early\weak_walk_v2\processed\animation.gif","96234","A634C983EEB9903FA7BEA6BAB2F1EA76670FC80A239BB78773A6BFD0EFF063E4"
"characters/linxi_t_early/weak_walk_v2/processed/pipeline-meta.json","E:\Linxi_Production_Archive\source_assets\characters\linxi_t_early\weak_walk_v2\processed\pipeline-meta.json","5520","DAC71CF9A67DF7DF997C885A7949631ED826B28F13F4D332AA648D2AFF3C1CD7"
"characters/linxi_t_early/weak_walk_v2/processed/raw-sheet-clean.png","E:\Linxi_Production_Archive\source_assets\characters\linxi_t_early\weak_walk_v2\processed\raw-sheet-clean.png","552567","A8C938445E45FBDCC31A5A9AC4446A3323F031184142BD3B0B4E792D7C95E75D"
"characters/linxi_t_early/weak_walk_v2/processed/raw-sheet.png","E:\Linxi_Production_Archive\source_assets\characters\linxi_t_early\weak_walk_v2\processed\raw-sheet.png","1565797","15C554A9FFA01AEA04BAA48EEEEC9F4575250F0F9B2858EBFFFCED0430134391"
"characters/linxi_t_early/weak_walk_v2/processed/sheet-transparent.png","E:\Linxi_Production_Archive\source_assets\characters\linxi_t_early\weak_walk_v2\processed\sheet-transparent.png","241569","AE43931AD40DBF937501BAD76F2985DA507113D5D55849B7C78E0DF332882915"
"characters/linxi_t_early/weak_walk_v2/processed/weak_walk-1.png","E:\Linxi_Production_Archive\source_assets\characters\linxi_t_early\weak_walk_v2\processed\weak_walk-1.png","33043","24B3F0EC6624D953805CDF67593C34467914CB8652C7D27FC60B65165FC5A1D3"
"characters/linxi_t_early/weak_walk_v2/processed/weak_walk-2.png","E:\Linxi_Production_Archive\source_assets\characters\linxi_t_early\weak_walk_v2\processed\weak_walk-2.png","31134","0333378578419AF745F98FFDAAD12621EE726D900FC07254D750F1BD9C7BB750"
"characters/linxi_t_early/weak_walk_v2/processed/weak_walk-3.png","E:\Linxi_Production_Archive\source_assets\characters\linxi_t_early\weak_walk_v2\processed\weak_walk-3.png","32926","C149BB4082BD083A167BBFD41F717E266367137948D5A825CCF536E942420B9C"
"characters/linxi_t_early/weak_walk_v2/processed/weak_walk-4.png","E:\Linxi_Production_Archive\source_assets\characters\linxi_t_early\weak_walk_v2\processed\weak_walk-4.png","33369","BDBEDE6CB83A93AE814088E370D1054871AF1B1BEA9553715CDD188486D0CBDB"
"characters/linxi_t_early/weak_walk_v2/processed/weak_walk-5.png","E:\Linxi_Production_Archive\source_assets\characters\linxi_t_early\weak_walk_v2\processed\weak_walk-5.png","33256","835A2D3548CFC34CFDA9FFAC43E53FAB42DB80F63CDB6FE6D7C898008ADEDD5F"
"characters/linxi_t_early/weak_walk_v2/processed/weak_walk-6.png","E:\Linxi_Production_Archive\source_assets\characters\linxi_t_early\weak_walk_v2\processed\weak_walk-6.png","31875","0E6A09AD9DE86419BEE06427C609CB309F9DDB2645014A68B5FF8106624083EA"
"characters/linxi_t_early/weak_walk_v2/processed/weak_walk-7.png","E:\Linxi_Production_Archive\source_assets\characters\linxi_t_early\weak_walk_v2\processed\weak_walk-7.png","35459","99E8C12EF2990FCCCACB1C9928ED41389511877323C195C1782043E4A10EA0C2"
"characters/linxi_t_early/weak_walk_v2/processed/weak_walk-8.png","E:\Linxi_Production_Archive\source_assets\characters\linxi_t_early\weak_walk_v2\processed\weak_walk-8.png","32971","1EFA6BE3C417D46DBEC60C91E5E95EF9FBA81EF8895BE103AD03179C7D272299"
"characters/linxi_t_early/weak_walk_v3_anatomical/animation-compact-right-foot-order.gif","E:\Linxi_Production_Archive\source_assets\characters\linxi_t_early\weak_walk_v3_anatomical\animation-compact-right-foot-order.gif","76116","B1C7247FB05765E2359F38EDB7A06995ECE1FE8172636C045F3E4A0CA2B0237D"
"characters/linxi_t_early/weak_walk_v3_anatomical/animation-protected-mask-keyclean.gif","E:\Linxi_Production_Archive\source_assets\characters\linxi_t_early\weak_walk_v3_anatomical\animation-protected-mask-keyclean.gif","76116","143DEE7138E63D58EAA068975B5E904B36759222F9470321EE41CE93CD3338F6"
"characters/linxi_t_early/weak_walk_v3_anatomical/animation-protected-mask.gif","E:\Linxi_Production_Archive\source_assets\characters\linxi_t_early\weak_walk_v3_anatomical\animation-protected-mask.gif","76146","421BE27EA2360E155B49C7AE3785DE841E1A568F72D09AC90C78AB1CA213741D"
"characters/linxi_t_early/weak_walk_v3_anatomical/animation-raw-preserve-despill.gif","E:\Linxi_Production_Archive\source_assets\characters\linxi_t_early\weak_walk_v3_anatomical\animation-raw-preserve-despill.gif","80956","4DFE01350BDC7A5114AAFEE0BB57DD664853CEDD6097226F6AB1FCAFB25D143A"
"characters/linxi_t_early/weak_walk_v3_anatomical/animation-raw-preserve-despill2.gif","E:\Linxi_Production_Archive\source_assets\characters\linxi_t_early\weak_walk_v3_anatomical\animation-raw-preserve-despill2.gif","80117","9B2FE025DCD1B0C8633A8AAA26643FF376AE629F837FA83A5DE9118910F43879"
"characters/linxi_t_early/weak_walk_v3_anatomical/animation-raw-preserve.gif","E:\Linxi_Production_Archive\source_assets\characters\linxi_t_early\weak_walk_v3_anatomical\animation-raw-preserve.gif","77176","B5D5CF90FC3F172197C54A74FD59A15C1DA248C22A77697BCAC6AB9615248B70"
"characters/linxi_t_early/weak_walk_v3_anatomical/animation.gif","E:\Linxi_Production_Archive\source_assets\characters\linxi_t_early\weak_walk_v3_anatomical\animation.gif","76143","9DB1CFDA31401FE2097ADFBB6587D5385E15D90E059175198F009111567E4D6C"
"characters/linxi_t_early/weak_walk_v3_anatomical/idle-walk-v3-preview.png","E:\Linxi_Production_Archive\source_assets\characters\linxi_t_early\weak_walk_v3_anatomical\idle-walk-v3-preview.png","329578","18B29C084F6CB1904B05D4C627D312AB8CBD5AD8A8C9DB2CB01992C50907AA4E"
"characters/linxi_t_early/weak_walk_v3_anatomical/left-strip.png","E:\Linxi_Production_Archive\source_assets\characters\linxi_t_early\weak_walk_v3_anatomical\left-strip.png","273937","EE2C9B0CFCDBC35518F848BCC4ED8EE6A2AE9A9A3506E2F623EF8C7514DB8DA2"
"characters/linxi_t_early/weak_walk_v3_anatomical/prompt-used.txt","E:\Linxi_Production_Archive\source_assets\characters\linxi_t_early\weak_walk_v3_anatomical\prompt-used.txt","2523","FAB4ABD953C78DCA19DD4F262F0E6BC8D4475A0CA414FCA03693599FAAD856AC"
"characters/linxi_t_early/weak_walk_v3_anatomical/raw-sheet-generated.png","E:\Linxi_Production_Archive\source_assets\characters\linxi_t_early\weak_walk_v3_anatomical\raw-sheet-generated.png","1577367","570ACB736693CF340442732E6E2C29310CEC64DDAFBB38F8D2340068C81A6164"
"characters/linxi_t_early/weak_walk_v3_anatomical/raw-sheet-normalized-2x4.png","E:\Linxi_Production_Archive\source_assets\characters\linxi_t_early\weak_walk_v3_anatomical\raw-sheet-normalized-2x4.png","768267","C255F080CCDB0A284F73DBBD5D5F229426E6937A586167BCC83E013B260AEDF2"
"characters/linxi_t_early/weak_walk_v3_anatomical/README.md","E:\Linxi_Production_Archive\source_assets\characters\linxi_t_early\weak_walk_v3_anatomical\README.md","2657","FCD0E1F8636791880CF186BEB78B1BD97A85407C171DF550F1BACF9DA68AFF02"
"characters/linxi_t_early/weak_walk_v3_anatomical/right-strip-compact-right-foot-order.png","E:\Linxi_Production_Archive\source_assets\characters\linxi_t_early\weak_walk_v3_anatomical\right-strip-compact-right-foot-order.png","266132","F71319F0591CF4572E7F1C8C1E8FD451F364A9C8410A195514AF83D33FE07E52"
"characters/linxi_t_early/weak_walk_v3_anatomical/right-strip-protected-mask-keyclean.png","E:\Linxi_Production_Archive\source_assets\characters\linxi_t_early\weak_walk_v3_anatomical\right-strip-protected-mask-keyclean.png","266234","45395640D468621BAE53364E875C564F2F1333B13F99EA8DD59413C30DE32E48"
"characters/linxi_t_early/weak_walk_v3_anatomical/right-strip-protected-mask.png","E:\Linxi_Production_Archive\source_assets\characters\linxi_t_early\weak_walk_v3_anatomical\right-strip-protected-mask.png","266561","BC101AB784701EE1D361B341BC3A46828E4CCCA5164811BE950B55957A58FB8A"
"characters/linxi_t_early/weak_walk_v3_anatomical/right-strip-raw-preserve-despill.png","E:\Linxi_Production_Archive\source_assets\characters\linxi_t_early\weak_walk_v3_anatomical\right-strip-raw-preserve-despill.png","276819","E90D2464CFB39F223B7D4AA05673D04049064C06C1E8FA55C111287678AB42E0"
"characters/linxi_t_early/weak_walk_v3_anatomical/right-strip-raw-preserve-despill2.png","E:\Linxi_Production_Archive\source_assets\characters\linxi_t_early\weak_walk_v3_anatomical\right-strip-raw-preserve-despill2.png","276993","B280A8166B5F64A8524F2C5DE2EBFCC47CC088DCC3E916DBD01E999EC9424953"
"characters/linxi_t_early/weak_walk_v3_anatomical/right-strip-raw-preserve.png","E:\Linxi_Production_Archive\source_assets\characters\linxi_t_early\weak_walk_v3_anatomical\right-strip-raw-preserve.png","256930","760A82F8CA887F1E3BB2BB8CDC1A1DD2143FDC8F2CFE165456021C2E5A8CBE68"
"characters/linxi_t_early/weak_walk_v3_anatomical/right-strip.png","E:\Linxi_Production_Archive\source_assets\characters\linxi_t_early\weak_walk_v3_anatomical\right-strip.png","274135","93CECA18837888ABFD67B41BA39C750985FCF2ABD58B4082BF0DE3D99304C1EF"
"characters/linxi_t_early/weak_walk_v3_anatomical/right_00.png","E:\Linxi_Production_Archive\source_assets\characters\linxi_t_early\weak_walk_v3_anatomical\right_00.png","36408","23DEB4DC4560CDBB7D29B3A90E280CE5E311708B80615B895932755F7C8C255C"
"characters/linxi_t_early/weak_walk_v3_anatomical/right_00_protected_mask.png","E:\Linxi_Production_Archive\source_assets\characters\linxi_t_early\weak_walk_v3_anatomical\right_00_protected_mask.png","35872","44632F21D129D7A2A3890C10470BE3DFDEEF6592E51F8B0C6DD270B2CC80C4DD"
"characters/linxi_t_early/weak_walk_v3_anatomical/right_00_protected_mask_keyclean.png","E:\Linxi_Production_Archive\source_assets\characters\linxi_t_early\weak_walk_v3_anatomical\right_00_protected_mask_keyclean.png","35872","44632F21D129D7A2A3890C10470BE3DFDEEF6592E51F8B0C6DD270B2CC80C4DD"
"characters/linxi_t_early/weak_walk_v3_anatomical/right_00_raw_preserve.png","E:\Linxi_Production_Archive\source_assets\characters\linxi_t_early\weak_walk_v3_anatomical\right_00_raw_preserve.png","31686","5F0187BF4E2BBA8981996D203043C7EADE4889A729C5CC9F9B04CF265CE72836"
"characters/linxi_t_early/weak_walk_v3_anatomical/right_00_raw_preserve_despill.png","E:\Linxi_Production_Archive\source_assets\characters\linxi_t_early\weak_walk_v3_anatomical\right_00_raw_preserve_despill.png","38127","1339828E85C968C61709E7766879196FC8AA7D0D33C90528ABA91390D62A9E97"
"characters/linxi_t_early/weak_walk_v3_anatomical/right_00_raw_preserve_despill2.png","E:\Linxi_Production_Archive\source_assets\characters\linxi_t_early\weak_walk_v3_anatomical\right_00_raw_preserve_despill2.png","38096","BDA92A38BE1E04EDF4F44C28F6146FDB321463FD26C6F335E9373D16C75810FA"
"characters/linxi_t_early/weak_walk_v3_anatomical/right_01.png","E:\Linxi_Production_Archive\source_assets\characters\linxi_t_early\weak_walk_v3_anatomical\right_01.png","35116","09251121B1FC17AFD0D246BDDC6A0CB58CC8FCFC537AF7668FCA230B135C561E"
"characters/linxi_t_early/weak_walk_v3_anatomical/right_01_protected_mask.png","E:\Linxi_Production_Archive\source_assets\characters\linxi_t_early\weak_walk_v3_anatomical\right_01_protected_mask.png","34400","6237D1894342B2DC0F18EA62D0E770BA8B3FC70C6DAF2B70113B6BCBFEF71D8B"
"characters/linxi_t_early/weak_walk_v3_anatomical/right_01_protected_mask_keyclean.png","E:\Linxi_Production_Archive\source_assets\characters\linxi_t_early\weak_walk_v3_anatomical\right_01_protected_mask_keyclean.png","34400","6237D1894342B2DC0F18EA62D0E770BA8B3FC70C6DAF2B70113B6BCBFEF71D8B"
"characters/linxi_t_early/weak_walk_v3_anatomical/right_01_raw_preserve.png","E:\Linxi_Production_Archive\source_assets\characters\linxi_t_early\weak_walk_v3_anatomical\right_01_raw_preserve.png","30541","4D941AAA5BA727CEB756A6CD1E73C0B9F630CC3D587B6823551238297AFE9F66"
"characters/linxi_t_early/weak_walk_v3_anatomical/right_01_raw_preserve_despill.png","E:\Linxi_Production_Archive\source_assets\characters\linxi_t_early\weak_walk_v3_anatomical\right_01_raw_preserve_despill.png","32031","5A9D87786888F07334492FF466B94E0C6246396CF4586E15884F3ADC1FAAE6BC"
"characters/linxi_t_early/weak_walk_v3_anatomical/right_01_raw_preserve_despill2.png","E:\Linxi_Production_Archive\source_assets\characters\linxi_t_early\weak_walk_v3_anatomical\right_01_raw_preserve_despill2.png","31983","4B3B2D82CE0C1134E173A9F85DE59F7C58449C157265CE2DDFDDA8B884DAA86C"
"characters/linxi_t_early/weak_walk_v3_anatomical/right_02.png","E:\Linxi_Production_Archive\source_assets\characters\linxi_t_early\weak_walk_v3_anatomical\right_02.png","33498","80D5819893541436B38D6758ECCDE82631D1B8472D837EE97623A8D0A650CF3B"
"characters/linxi_t_early/weak_walk_v3_anatomical/right_02_protected_mask.png","E:\Linxi_Production_Archive\source_assets\characters\linxi_t_early\weak_walk_v3_anatomical\right_02_protected_mask.png","32832","152D399142EF130B7621F34F2E0FE546BF90C55AE6BCCC9209D13907F702A601"
"characters/linxi_t_early/weak_walk_v3_anatomical/right_02_protected_mask_keyclean.png","E:\Linxi_Production_Archive\source_assets\characters\linxi_t_early\weak_walk_v3_anatomical\right_02_protected_mask_keyclean.png","32507","2C92695F1D706D83D9174E712AE866FD41843C49D5096DF195DF578E0007EC06"
"characters/linxi_t_early/weak_walk_v3_anatomical/right_02_raw_preserve.png","E:\Linxi_Production_Archive\source_assets\characters\linxi_t_early\weak_walk_v3_anatomical\right_02_raw_preserve.png","28962","65134D3820EF60D278253F9A7D4E0CFDB842828397FA160AE66C4FB9D050DC1E"
"characters/linxi_t_early/weak_walk_v3_anatomical/right_02_raw_preserve_despill.png","E:\Linxi_Production_Archive\source_assets\characters\linxi_t_early\weak_walk_v3_anatomical\right_02_raw_preserve_despill.png","34564","EC59E8569852B73056B0FF5125B3593BBE07B0DA21F489B53205D6010CF0CC02"
"characters/linxi_t_early/weak_walk_v3_anatomical/right_02_raw_preserve_despill2.png","E:\Linxi_Production_Archive\source_assets\characters\linxi_t_early\weak_walk_v3_anatomical\right_02_raw_preserve_despill2.png","34561","FF2F6F22A9B0A9457511D06ED02CD593F56B8E6B826FD6E63C251A5A01FA6C88"
"characters/linxi_t_early/weak_walk_v3_anatomical/right_03.png","E:\Linxi_Production_Archive\source_assets\characters\linxi_t_early\weak_walk_v3_anatomical\right_03.png","33446","096AD5BC61F28BDCB23608BDA4CA518A2C2540268089F6DF88E4843ABD0FA569"
"characters/linxi_t_early/weak_walk_v3_anatomical/right_03_protected_mask.png","E:\Linxi_Production_Archive\source_assets\characters\linxi_t_early\weak_walk_v3_anatomical\right_03_protected_mask.png","32662","6A587663C4E56C8C62254DC3A58E3B94D5BADE5BE00F67D79AC1ED6075C10538"
"characters/linxi_t_early/weak_walk_v3_anatomical/right_03_protected_mask_keyclean.png","E:\Linxi_Production_Archive\source_assets\characters\linxi_t_early\weak_walk_v3_anatomical\right_03_protected_mask_keyclean.png","32662","6A587663C4E56C8C62254DC3A58E3B94D5BADE5BE00F67D79AC1ED6075C10538"
"characters/linxi_t_early/weak_walk_v3_anatomical/right_03_raw_preserve.png","E:\Linxi_Production_Archive\source_assets\characters\linxi_t_early\weak_walk_v3_anatomical\right_03_raw_preserve.png","28854","4419D3D570BE32B4006CB51A266F0C13F23590FECBBEE51593ABD222708F1467"
"characters/linxi_t_early/weak_walk_v3_anatomical/right_03_raw_preserve_despill.png","E:\Linxi_Production_Archive\source_assets\characters\linxi_t_early\weak_walk_v3_anatomical\right_03_raw_preserve_despill.png","34823","4D2F2D159D60C3C268C6687024660A196C623A11C4E527592B4DF9488609D9C7"
"characters/linxi_t_early/weak_walk_v3_anatomical/right_03_raw_preserve_despill2.png","E:\Linxi_Production_Archive\source_assets\characters\linxi_t_early\weak_walk_v3_anatomical\right_03_raw_preserve_despill2.png","34755","34696C51FB45A35670F9596D4BA9D774617C04AB9F8602236EA3A8A5C14F10C6"
"characters/linxi_t_early/weak_walk_v3_anatomical/right_04.png","E:\Linxi_Production_Archive\source_assets\characters\linxi_t_early\weak_walk_v3_anatomical\right_04.png","37197","ECA93877EB8DE290370006B42B63721DA17DCC2603E0BCCE9036BD9969A69425"
"characters/linxi_t_early/weak_walk_v3_anatomical/right_04_protected_mask.png","E:\Linxi_Production_Archive\source_assets\characters\linxi_t_early\weak_walk_v3_anatomical\right_04_protected_mask.png","35739","98415BAFB8AA1C019792F914C66F498634AA1E9DC8B48E39E3E68459FB44F473"
"characters/linxi_t_early/weak_walk_v3_anatomical/right_04_protected_mask_keyclean.png","E:\Linxi_Production_Archive\source_assets\characters\linxi_t_early\weak_walk_v3_anatomical\right_04_protected_mask_keyclean.png","35739","98415BAFB8AA1C019792F914C66F498634AA1E9DC8B48E39E3E68459FB44F473"
"characters/linxi_t_early/weak_walk_v3_anatomical/right_04_raw_preserve.png","E:\Linxi_Production_Archive\source_assets\characters\linxi_t_early\weak_walk_v3_anatomical\right_04_raw_preserve.png","37443","15F49B46AA909340DD57AFFC8860A9F17FFEE7E94F1C6012D419AEE98AE8F833"
"characters/linxi_t_early/weak_walk_v3_anatomical/right_04_raw_preserve_despill.png","E:\Linxi_Production_Archive\source_assets\characters\linxi_t_early\weak_walk_v3_anatomical\right_04_raw_preserve_despill.png","37375","C9D287F8B1E1179123BDBAD71DA7A87D76354EABF5A97D991DC6AE19BA0E88D5"
"characters/linxi_t_early/weak_walk_v3_anatomical/right_04_raw_preserve_despill2.png","E:\Linxi_Production_Archive\source_assets\characters\linxi_t_early\weak_walk_v3_anatomical\right_04_raw_preserve_despill2.png","37520","AFDFE1DE1F3B31492B7B5AE441AC824F7BD3843536742564E0024D1A81783BEA"
"characters/linxi_t_early/weak_walk_v3_anatomical/right_05.png","E:\Linxi_Production_Archive\source_assets\characters\linxi_t_early\weak_walk_v3_anatomical\right_05.png","35449","8FA5194A62CA2EDC42CAF467901A53F7B5372FAA49064058F821005F46C0D1D3"
"characters/linxi_t_early/weak_walk_v3_anatomical/right_05_protected_mask.png","E:\Linxi_Production_Archive\source_assets\characters\linxi_t_early\weak_walk_v3_anatomical\right_05_protected_mask.png","34057","300DF5AF55B5BD2918F0203C8073608B21CF3FD8AF858800D59E105658F14B03"
"characters/linxi_t_early/weak_walk_v3_anatomical/right_05_protected_mask_keyclean.png","E:\Linxi_Production_Archive\source_assets\characters\linxi_t_early\weak_walk_v3_anatomical\right_05_protected_mask_keyclean.png","34057","300DF5AF55B5BD2918F0203C8073608B21CF3FD8AF858800D59E105658F14B03"
"characters/linxi_t_early/weak_walk_v3_anatomical/right_05_raw_preserve.png","E:\Linxi_Production_Archive\source_assets\characters\linxi_t_early\weak_walk_v3_anatomical\right_05_raw_preserve.png","35339","CED74EE3D49E3889DD5A5AE93993D2D15DC618002B0A5A3269CD9A7710254F27"
"characters/linxi_t_early/weak_walk_v3_anatomical/right_05_raw_preserve_despill.png","E:\Linxi_Production_Archive\source_assets\characters\linxi_t_early\weak_walk_v3_anatomical\right_05_raw_preserve_despill.png","35254","FA4DED1BDB1FA93C8421F3390B5DDB63C8A4B2C3B4A19F6CC362F022F17D0A9F"
"characters/linxi_t_early/weak_walk_v3_anatomical/right_05_raw_preserve_despill2.png","E:\Linxi_Production_Archive\source_assets\characters\linxi_t_early\weak_walk_v3_anatomical\right_05_raw_preserve_despill2.png","35286","1398C5D9E3FDA1A7514AA58E6EED1CB48128AF9FD652C15C58F91541B1E30824"
"characters/linxi_t_early/weak_walk_v3_anatomical/right_06.png","E:\Linxi_Production_Archive\source_assets\characters\linxi_t_early\weak_walk_v3_anatomical\right_06.png","34518","28B4DAC4D9C1F8C5C06D4FF603D5165E32BAA3B41B7C4F29276862022C0973A6"
"characters/linxi_t_early/weak_walk_v3_anatomical/right_06_protected_mask.png","E:\Linxi_Production_Archive\source_assets\characters\linxi_t_early\weak_walk_v3_anatomical\right_06_protected_mask.png","33126","BF330D4C8EDFF2040E841E10CAFE980D20DF95103E2A01F4045D66D4F9CDF6E0"
"characters/linxi_t_early/weak_walk_v3_anatomical/right_06_protected_mask_keyclean.png","E:\Linxi_Production_Archive\source_assets\characters\linxi_t_early\weak_walk_v3_anatomical\right_06_protected_mask_keyclean.png","33126","BF330D4C8EDFF2040E841E10CAFE980D20DF95103E2A01F4045D66D4F9CDF6E0"
"characters/linxi_t_early/weak_walk_v3_anatomical/right_06_raw_preserve.png","E:\Linxi_Production_Archive\source_assets\characters\linxi_t_early\weak_walk_v3_anatomical\right_06_raw_preserve.png","34437","DD648BD231F674B103DEF97652CF63E2F7728A294BD05B32BBC87F1729EAA615"
"characters/linxi_t_early/weak_walk_v3_anatomical/right_06_raw_preserve_despill.png","E:\Linxi_Production_Archive\source_assets\characters\linxi_t_early\weak_walk_v3_anatomical\right_06_raw_preserve_despill.png","34245","DAB6CAF192649FB72A5B38384029265B9FCFA9C2B8A106D83C56727951CDD6D7"
"characters/linxi_t_early/weak_walk_v3_anatomical/right_06_raw_preserve_despill2.png","E:\Linxi_Production_Archive\source_assets\characters\linxi_t_early\weak_walk_v3_anatomical\right_06_raw_preserve_despill2.png","34201","6B82A77DA8ACF0A2DED5195F3CDA9FE13FE954E2316CA9362734B2B8D5772F3E"
"characters/linxi_t_early/weak_walk_v3_anatomical/right_07.png","E:\Linxi_Production_Archive\source_assets\characters\linxi_t_early\weak_walk_v3_anatomical\right_07.png","36432","BD82882D1A2FB40FDE986B4A273A26AD4721224DBFC8DAAADA177BD8FB3C02F4"
"characters/linxi_t_early/weak_walk_v3_anatomical/right_07_protected_mask.png","E:\Linxi_Production_Archive\source_assets\characters\linxi_t_early\weak_walk_v3_anatomical\right_07_protected_mask.png","35044","C580748D23A2712146238BADEF861AF0ACF81006F359F1CF3567A4DE4DD6197D"
"characters/linxi_t_early/weak_walk_v3_anatomical/right_07_protected_mask_keyclean.png","E:\Linxi_Production_Archive\source_assets\characters\linxi_t_early\weak_walk_v3_anatomical\right_07_protected_mask_keyclean.png","35044","C580748D23A2712146238BADEF861AF0ACF81006F359F1CF3567A4DE4DD6197D"
"characters/linxi_t_early/weak_walk_v3_anatomical/right_07_raw_preserve.png","E:\Linxi_Production_Archive\source_assets\characters\linxi_t_early\weak_walk_v3_anatomical\right_07_raw_preserve.png","36571","2FDDA0010521ABFA55C88DAE6AB40659BB58AF2005BFC5EE7A2C88CC96F114FB"
"characters/linxi_t_early/weak_walk_v3_anatomical/right_07_raw_preserve_despill.png","E:\Linxi_Production_Archive\source_assets\characters\linxi_t_early\weak_walk_v3_anatomical\right_07_raw_preserve_despill.png","36428","6493FB222E62EACBD91468D673AE78D8D94F112E19091B1018BA46CC05D4D5D3"
"characters/linxi_t_early/weak_walk_v3_anatomical/right_07_raw_preserve_despill2.png","E:\Linxi_Production_Archive\source_assets\characters\linxi_t_early\weak_walk_v3_anatomical\right_07_raw_preserve_despill2.png","36425","8AD510D739E9A95BCBC0CCD189DD3C494D50372E8B2F6AB62FFC82515144F975"
"characters/linxi_t_early/weak_walk_v3_anatomical/sheet-transparent-final.png","E:\Linxi_Production_Archive\source_assets\characters\linxi_t_early\weak_walk_v3_anatomical\sheet-transparent-final.png","261571","AE089AE4CA591F94127AF46EFF40285C782C10496533DE4DA0371B698C56D610"
"characters/linxi_t_early/weak_walk_v3_anatomical/sheet-transparent-manual.png","E:\Linxi_Production_Archive\source_assets\characters\linxi_t_early\weak_walk_v3_anatomical\sheet-transparent-manual.png","252921","9983BFCF148FCAE50DC6F8277D3C5C471E822E83B8EC34B0F97BDA04A8FB3304"
"characters/linxi_t_early/weak_walk_v3_anatomical/sheet-transparent-no-baseline.png","E:\Linxi_Production_Archive\source_assets\characters\linxi_t_early\weak_walk_v3_anatomical\sheet-transparent-no-baseline.png","252926","C5DF08842B5691A1AD382F98361438C55AF4AFC0A26D736D6A9F2851F8046954"
"characters/linxi_t_early/weak_walk_v3_anatomical/sheet-transparent-stylematch-idle.png","E:\Linxi_Production_Archive\source_assets\characters\linxi_t_early\weak_walk_v3_anatomical\sheet-transparent-stylematch-idle.png","263892","2484E8C3AB76E122EABA15990706CE1E1F8CFEFCCF46AC614021F198D69003BA"
"characters/linxi_t_early/weak_walk_v3_anatomical/weak_walk_v3_compact_right_foot_order_sheet-transparent.png","E:\Linxi_Production_Archive\source_assets\characters\linxi_t_early\weak_walk_v3_anatomical\weak_walk_v3_compact_right_foot_order_sheet-transparent.png","267431","366CEE78BF22BA3726FFB6996CE78B6D7A0042B58269DCE69AD8401715A6FBE6"
"characters/linxi_t_early/weak_walk_v3_anatomical/weak_walk_v3_protected_mask_keyclean_sheet-transparent.png","E:\Linxi_Production_Archive\source_assets\characters\linxi_t_early\weak_walk_v3_anatomical\weak_walk_v3_protected_mask_keyclean_sheet-transparent.png","267565","70D107179614F71E89F402BF30EC8407A6D337B295E840F2320810FC9EA79AA3"
"characters/linxi_t_early/weak_walk_v3_anatomical/weak_walk_v3_protected_mask_sheet-transparent.png","E:\Linxi_Production_Archive\source_assets\characters\linxi_t_early\weak_walk_v3_anatomical\weak_walk_v3_protected_mask_sheet-transparent.png","267907","852878B99643482864E98EF9CA6757767F97D3AC740A0B33E42AF66B071E228E"
"characters/linxi_t_early/weak_walk_v3_anatomical/weak_walk_v3_raw_preserve_despill2_sheet-transparent.png","E:\Linxi_Production_Archive\source_assets\characters\linxi_t_early\weak_walk_v3_anatomical\weak_walk_v3_raw_preserve_despill2_sheet-transparent.png","277009","1626682C4AAE3DC6E2A463F27FB01F523CCFAFF582ACE4F6CEA8DE61DD7009DD"
"characters/linxi_t_early/weak_walk_v3_anatomical/weak_walk_v3_raw_preserve_despill_sheet-transparent.png","E:\Linxi_Production_Archive\source_assets\characters\linxi_t_early\weak_walk_v3_anatomical\weak_walk_v3_raw_preserve_despill_sheet-transparent.png","276931","1A0EBBE2823DCF13D6E32A7A6292AC85146D5BFFC599CC972A7C759B7B10CBFA"
"characters/linxi_t_early/weak_walk_v3_anatomical/weak_walk_v3_raw_preserve_sheet-transparent.png","E:\Linxi_Production_Archive\source_assets\characters\linxi_t_early\weak_walk_v3_anatomical\weak_walk_v3_raw_preserve_sheet-transparent.png","257272","FAA38437239D51E9B7D02751A664667EEF17164EB1AD24B400BB203AF435050B"
"characters/linxi_t_early/weak_walk_v3_anatomical/weak_walk_v3_sheet-transparent.png","E:\Linxi_Production_Archive\source_assets\characters\linxi_t_early\weak_walk_v3_anatomical\weak_walk_v3_sheet-transparent.png","275178","5ED730F292845FBA7308BACE0490E1B7CE1C2A8CAC8DB471061CFC3C9316D6B8"
"characters/linxi_t_tail/tail-design-brief.md","E:\Linxi_Production_Archive\source_assets\characters\linxi_t_tail\tail-design-brief.md","2321","0EF0AE742918EC900B9497A13F34FD0719F25A1B7916586566952EB67685C4B9"
"characters/linxi_t_tail/ready_overlay/prompt-used.txt","E:\Linxi_Production_Archive\source_assets\characters\linxi_t_tail\ready_overlay\prompt-used.txt","1312","EBE95DDFCA6B012AD32ED88C2C942ADF2438A6361A184E396049AFCB938671CA"
"characters/linxi_t_tail/ready_overlay/raw-sheet.png","E:\Linxi_Production_Archive\source_assets\characters\linxi_t_tail\ready_overlay\raw-sheet.png","1496657","E1B34C6484F71577EE38194EF5F73C3594684948DE3C4855D963CAABE64B03BE"
"characters/linxi_t_tail/ready_overlay/processed/animation.gif","E:\Linxi_Production_Archive\source_assets\characters\linxi_t_tail\ready_overlay\processed\animation.gif","55478","171A6AE394C9000C4C610A273B4D565358F8814951523168B1A71A3046AF6489"
"characters/linxi_t_tail/ready_overlay/processed/pipeline-meta.json","E:\Linxi_Production_Archive\source_assets\characters\linxi_t_tail\ready_overlay\processed\pipeline-meta.json","3070","67318F1016C55CAFD913A6F902AB039DC6BAB6A7EEA8388D7CEE0B402912557D"
"characters/linxi_t_tail/ready_overlay/processed/raw-sheet-clean.png","E:\Linxi_Production_Archive\source_assets\characters\linxi_t_tail\ready_overlay\processed\raw-sheet-clean.png","673145","2D63F79104488759A2632C3E5566AD00F2AE30481DAA3536FCE7A50AC150C7CF"
"characters/linxi_t_tail/ready_overlay/processed/raw-sheet.png","E:\Linxi_Production_Archive\source_assets\characters\linxi_t_tail\ready_overlay\processed\raw-sheet.png","1680355","0214BFFA8AB0EFE77992C96EEE6F76F0E76ED88716960560E0B99529FDBB7D21"
"characters/linxi_t_tail/ready_overlay/processed/sheet-transparent.png","E:\Linxi_Production_Archive\source_assets\characters\linxi_t_tail\ready_overlay\processed\sheet-transparent.png","148485","36A387AB108916FB859A29E1B732E0C80C78CD15AE108D1FF17F336E189A3296"
"characters/linxi_t_tail/ready_overlay/processed/tail-1.png","E:\Linxi_Production_Archive\source_assets\characters\linxi_t_tail\ready_overlay\processed\tail-1.png","40312","53C80774CE67EBDAC9ABEC21C152EB824FACCD7BB211571D0BA5A738C6633B4C"
"characters/linxi_t_tail/ready_overlay/processed/tail-2.png","E:\Linxi_Production_Archive\source_assets\characters\linxi_t_tail\ready_overlay\processed\tail-2.png","35247","04E4AB6152E673CB74C5E2E6A7A953792EDDE41676ED124F381FF5FE20E673DD"
"characters/linxi_t_tail/ready_overlay/processed/tail-3.png","E:\Linxi_Production_Archive\source_assets\characters\linxi_t_tail\ready_overlay\processed\tail-3.png","44869","F24E7E20AABC9F237D5B076AA118DE6E453584E5CC8A33C696E13F4D48E68C00"
"characters/linxi_t_tail/ready_overlay/processed/tail-4.png","E:\Linxi_Production_Archive\source_assets\characters\linxi_t_tail\ready_overlay\processed\tail-4.png","36105","D5391C72AF341741A794914C3863FFA58CB9C2F53B76B5E0CEDEAAFC47A98436"
"characters/linxi_t_tail/ready_overlay_v2_slim/prompt-used.txt","E:\Linxi_Production_Archive\source_assets\characters\linxi_t_tail\ready_overlay_v2_slim\prompt-used.txt","1522","AA7291111A612D9F7C543842141C91A45A097CC22E2D0EEF25DD494071746D82"
"characters/linxi_t_tail/ready_overlay_v2_slim/raw-sheet.png","E:\Linxi_Production_Archive\source_assets\characters\linxi_t_tail\ready_overlay_v2_slim\raw-sheet.png","1336685","9BEFBC23A5395BB29C7C84E097F2E32B6067A2C759F61D77BB0B7DC37058EE93"
"characters/linxi_t_tail/ready_overlay_v2_slim/processed/animation.gif","E:\Linxi_Production_Archive\source_assets\characters\linxi_t_tail\ready_overlay_v2_slim\processed\animation.gif","33002","1906C761D9C2B6689D9D2113EB4620F21F8A3EECE0CBEE33F2224F3E60AFDEDA"
"characters/linxi_t_tail/ready_overlay_v2_slim/processed/pipeline-meta.json","E:\Linxi_Production_Archive\source_assets\characters\linxi_t_tail\ready_overlay_v2_slim\processed\pipeline-meta.json","3088","232D48711E5F29D2ECF26F8A2F03ADE576FF30DD326054B0BDD52F9EA255EFFE"
"characters/linxi_t_tail/ready_overlay_v2_slim/processed/raw-sheet-clean.png","E:\Linxi_Production_Archive\source_assets\characters\linxi_t_tail\ready_overlay_v2_slim\processed\raw-sheet-clean.png","436698","AB0148A7521EF736C52DBA33D9C79722986DF64EB7481CA828E7B0DF52AE2071"
"characters/linxi_t_tail/ready_overlay_v2_slim/processed/raw-sheet.png","E:\Linxi_Production_Archive\source_assets\characters\linxi_t_tail\ready_overlay_v2_slim\processed\raw-sheet.png","1494045","A442E432A368D953FC0E41E14F969E6AE0772061106A0209028A9E850938A159"
"characters/linxi_t_tail/ready_overlay_v2_slim/processed/sheet-transparent.png","E:\Linxi_Production_Archive\source_assets\characters\linxi_t_tail\ready_overlay_v2_slim\processed\sheet-transparent.png","94658","48DB7C1490359CF91B7DC2E4F6C09AD5BFDCA7286659CE8FF7D10ABB374F214B"
"characters/linxi_t_tail/ready_overlay_v2_slim/processed/tail-1.png","E:\Linxi_Production_Archive\source_assets\characters\linxi_t_tail\ready_overlay_v2_slim\processed\tail-1.png","26199","5156A01C85441A2E78BA2C189727AA5756591D119E8B9E5DB604D66B292345D9"
"characters/linxi_t_tail/ready_overlay_v2_slim/processed/tail-2.png","E:\Linxi_Production_Archive\source_assets\characters\linxi_t_tail\ready_overlay_v2_slim\processed\tail-2.png","23074","B30B387A9F82F1EA8664D8DEFEF51C1CB9F0E5618BD6CFB18492BD9F37C05D79"
"characters/linxi_t_tail/ready_overlay_v2_slim/processed/tail-3.png","E:\Linxi_Production_Archive\source_assets\characters\linxi_t_tail\ready_overlay_v2_slim\processed\tail-3.png","28616","3DD231A56A4518EC1D1E34EFFFD256FAB891148461FE614B59DA71BAEBB69E0B"
"characters/linxi_t_tail/ready_overlay_v2_slim/processed/tail-4.png","E:\Linxi_Production_Archive\source_assets\characters\linxi_t_tail\ready_overlay_v2_slim\processed\tail-4.png","23789","53EAA3946F2F81D0762BF8395DEEF8E9D70F47DEA5281A90BD7A07CE19D67CED"
"characters/linxi_vore_expansion_references/asset_manifest.md","E:\Linxi_Production_Archive\source_assets\characters\linxi_vore_expansion_references\asset_manifest.md","4478","A25F6A4893081E50B4711357C9E44D8F790C984D591864068D933A2C6C9B0912"
"characters/linxi_vore_expansion_references/ComfyUI_00998_.png","E:\Linxi_Production_Archive\source_assets\characters\linxi_vore_expansion_references\ComfyUI_00998_.png","574939","6E7812A389DC3B0920F55DBC1AF67AFDC70EA500CA5F2431E2E419442541B107"
"characters/linxi_vore_expansion_references/Image_1780138938743.png","E:\Linxi_Production_Archive\source_assets\characters\linxi_vore_expansion_references\Image_1780138938743.png","2399068","B0A39DA94A4B1FBB21F20297807053F11C009B29FDB8B4644F18C39C30428653"
"characters/linxi_vore_expansion_references/Image_1780138978137.png","E:\Linxi_Production_Archive\source_assets\characters\linxi_vore_expansion_references\Image_1780138978137.png","2401923","4C19B399E0966046749D6963B932AFCF7E132AA93C06589A5FFC75BE006683E2"
"characters/linxi_vore_expansion_references/Image_1780138979802.png","E:\Linxi_Production_Archive\source_assets\characters\linxi_vore_expansion_references\Image_1780138979802.png","2377376","F17A7475C1848C8E73450D5D50ABD51DF3529867E49BDF3D4DA11C284D1EBCEB"
"characters/linxi_vore_expansion_references/Image_1780138982013.png","E:\Linxi_Production_Archive\source_assets\characters\linxi_vore_expansion_references\Image_1780138982013.png","2436675","E0930891325D7267006C996B106ADAD2B16114A01856C536348D39BD1A12B212"
"characters/linxi_vore_expansion_references/Image_1780138983573.png","E:\Linxi_Production_Archive\source_assets\characters\linxi_vore_expansion_references\Image_1780138983573.png","2345923","5EE5EAEFE3C6A03E73F2FE68D5CC820CAF03A82796F1729507BB1A669DB808A1"
"characters/linxi_vore_expansion_references/Image_1780138985507.png","E:\Linxi_Production_Archive\source_assets\characters\linxi_vore_expansion_references\Image_1780138985507.png","2330303","AC46A9B86E5D80CAF31CBDFF09FDDC8EDF1FAB84007CF83EF4241F09C9082097"
"characters/linxi_vore_expansion_references/Image_1780138987294.png","E:\Linxi_Production_Archive\source_assets\characters\linxi_vore_expansion_references\Image_1780138987294.png","2467707","3CBF5360BD1A38532867CFC81907673A48F94400B452257605D835B014B4ADEC"
"characters/linxi_vore_expansion_references/Image_1780138989926.png","E:\Linxi_Production_Archive\source_assets\characters\linxi_vore_expansion_references\Image_1780138989926.png","2432886","69275993E6561DB4A5ADD497692726067CD00B089326731BED65B50FB73EE31A"
"characters/linxi_vore_expansion_references/image__00001_(1).png","E:\Linxi_Production_Archive\source_assets\characters\linxi_vore_expansion_references\image__00001_(1).png","2523139","D7AD38C8C3C077F6538F24B339C3FB3E5FC8BFF580DFE4683A25047390EF9C08"
"characters/linxi_vore_expansion_references/image__00001_(2).png","E:\Linxi_Production_Archive\source_assets\characters\linxi_vore_expansion_references\image__00001_(2).png","2518841","085E1E5F7CFCF914F6FCFA1A745D61928854286754FD7FDCC5750C4FBC8ACBB5"
"characters/linxi_vore_expansion_references/image__00001_.png","E:\Linxi_Production_Archive\source_assets\characters\linxi_vore_expansion_references\image__00001_.png","2881102","5C762E9E72D0193825A5355A1D1D218B7596AC49DBA07F3F44F3D384AA83F451"
"characters/linxi_vore_expansion_references/image__00002_.png","E:\Linxi_Production_Archive\source_assets\characters\linxi_vore_expansion_references\image__00002_.png","3726239","5E78EA9D9C90240C561BFE1FCF97159B67DF0A10C73C4530792D305521482F68"
"characters/linxi_vore_expansion_references/image__00003_.png","E:\Linxi_Production_Archive\source_assets\characters\linxi_vore_expansion_references\image__00003_.png","2489862","D1CA1A149BB6B48BD7AD4DE97834634DB7EAB176657F68385301394699910786"
"characters/linxi_vore_expansion_references/image__00005_.png","E:\Linxi_Production_Archive\source_assets\characters\linxi_vore_expansion_references\image__00005_.png","944358","A61BD81B77C86589CC24352A2BFC20FAE669EA0E085B3E13A3CDCCDFFEEB5E11"
"characters/linxi_vore_expansion_references/image__00006_.png","E:\Linxi_Production_Archive\source_assets\characters\linxi_vore_expansion_references\image__00006_.png","2421489","B2DA6169ABFB457EC0BED22A0E1B8FE20D0D2F8F205FFA2E352A8DA54B778DF5"
"characters/linxi_vore_expansion_references/image__00017_.png","E:\Linxi_Production_Archive\source_assets\characters\linxi_vore_expansion_references\image__00017_.png","2983359","9BBF349B37A2BA6E5DD144BF1AAF8B7AF321349136D23DFC7823BD1598A73F6B"
"characters/linxi_vore_expansion_references/image__00023_.png","E:\Linxi_Production_Archive\source_assets\characters\linxi_vore_expansion_references\image__00023_.png","9764217","0D8CFDB62444BCEE7C39510C9F9F8B0AFE3AC1B246F57F98B9EBCD2D3E96A285"
"characters/linxi_vore_expansion_references/image__00037_.png","E:\Linxi_Production_Archive\source_assets\characters\linxi_vore_expansion_references\image__00037_.png","10005558","D5A0360FB1DDF001F748131691559E7575732082121DBAE346D9B389C2ACA9FD"
"characters/linxi_vore_expansion_references/image__00039_.png","E:\Linxi_Production_Archive\source_assets\characters\linxi_vore_expansion_references\image__00039_.png","10024468","06FA1D0C080A006EE1CB4F8DFEEBB239D73F59DA43B2C13DE8905029B47B2FCD"
"characters/linxi_vore_expansion_references/image__00051_.png","E:\Linxi_Production_Archive\source_assets\characters\linxi_vore_expansion_references\image__00051_.png","24825488","19863109FAC06EC7930E3C4A6B4A90644867FBFCCA860460009790A3E79E9B8D"
"characters/linxi_vore_expansion_references/image__00058_.png","E:\Linxi_Production_Archive\source_assets\characters\linxi_vore_expansion_references\image__00058_.png","22856682","D8D4215A0C5D4D853F48AF6E887633CDB994FF05A14387A57C5146EF1AF9FFC0"
"characters/linxi_vore_expansion_references/image__00068_.png","E:\Linxi_Production_Archive\source_assets\characters\linxi_vore_expansion_references\image__00068_.png","2619696","E24A870C9FE40D9F23FDEB42B5F0D05C344D168954B351626596D5460C83FCC4"
"characters/linxi_vore_expansion_references/image__00070_.png","E:\Linxi_Production_Archive\source_assets\characters\linxi_vore_expansion_references\image__00070_.png","2875578","A6CE8BBE6D4ACF0991A7DA768F755EED6B07623A0879213C1CB58F52CC0B9097"
"characters/linxi_vore_expansion_references/linxi 02 prey.png","E:\Linxi_Production_Archive\source_assets\characters\linxi_vore_expansion_references\linxi 02 prey.png","2776274","186B18346C48E7401FFA9BD8142451277E0679471CB3C8669BCA55204FFAFFFC"
"characters/linxi_vore_expansion_references/linxi 1 prey.png","E:\Linxi_Production_Archive\source_assets\characters\linxi_vore_expansion_references\linxi 1 prey.png","3728637","B4D41121C1BD4305E55ABD1D051DCBD85806CA43DF791F841C8FA09C404FD29C"
"characters/linxi_vore_expansion_references/linxi 2 prey (2).png","E:\Linxi_Production_Archive\source_assets\characters\linxi_vore_expansion_references\linxi 2 prey (2).png","2969330","5752D53FB34F710755F9677830C57497513411E086DE8A4553CB0B1C31A3DEA1"
"characters/linxi_vore_expansion_references/linxi 2 prey.png","E:\Linxi_Production_Archive\source_assets\characters\linxi_vore_expansion_references\linxi 2 prey.png","3122533","0F702A2029DE62B620363E231FCC8445798F02172F82523E40734E79F7EAE76B"
"characters/linxi_vore_expansion_references/linxi 3 prey.png","E:\Linxi_Production_Archive\source_assets\characters\linxi_vore_expansion_references\linxi 3 prey.png","2355804","3C20B93D95026008E737F1C8F530784DB7CAC2B7FE5E2952A8548D8A46957C45"
"characters/linxi_vore_expansion_references/linxi biomass exoskeleton.png","E:\Linxi_Production_Archive\source_assets\characters\linxi_vore_expansion_references\linxi biomass exoskeleton.png","457037","0B62A4909BDD56084A1B49582672788045EAC65BEAF62F2C6D9B1C101395D43D"
"characters/linxi_vore_expansion_references/linxi breast 1.png","E:\Linxi_Production_Archive\source_assets\characters\linxi_vore_expansion_references\linxi breast 1.png","2196645","02C80DA60A44788B9E6FAB40757CC6161F6CF027C84465CCA839E9BAB5B07899"
"characters/linxi_vore_expansion_references/linxi breast 2.png","E:\Linxi_Production_Archive\source_assets\characters\linxi_vore_expansion_references\linxi breast 2.png","2203632","29F5F08B77FD3FED26F973DD91E1DA054FA0FF1030CA10E282CAA4DEB1E4093A"
"characters/linxi_vore_expansion_references/linxi multipe.png","E:\Linxi_Production_Archive\source_assets\characters\linxi_vore_expansion_references\linxi multipe.png","2575312","960F4DF2D425DD9345180FBAAD8BE40F9AE4279E92C7F08EDDBF1D9515CEF56C"
"characters/linxi_vore_expansion_references/linxi multiple (2).png","E:\Linxi_Production_Archive\source_assets\characters\linxi_vore_expansion_references\linxi multiple (2).png","2434358","2CBEB359E390D9F453A915B812FD493A278BDC1467B252C19BE121B5A242CC09"
"characters/linxi_vore_expansion_references/linxi multiple.png","E:\Linxi_Production_Archive\source_assets\characters\linxi_vore_expansion_references\linxi multiple.png","2388077","C34651AD18D494D39C5F4800D8FDB876797F4705A51829FAC3F737B55A6BB8E1"
"characters/linxi_vore_expansion_references/Linxi_00012_.png","E:\Linxi_Production_Archive\source_assets\characters\linxi_vore_expansion_references\Linxi_00012_.png","1140573","2E2633489B3B57FBC5DB8B39FA9557B8038A2446AE35272A30B63F11AAB6CFB4"
"characters/linxi_vore_expansion_references/Linxi_00019_.png","E:\Linxi_Production_Archive\source_assets\characters\linxi_vore_expansion_references\Linxi_00019_.png","1205378","A722F8D68CE739EF2AFF3C59A6658B61D7F9B3E202FD7E19ADE68D4F8E4C64FD"
"characters/linxi_vore_expansion_references/Linxi_00038_.png","E:\Linxi_Production_Archive\source_assets\characters\linxi_vore_expansion_references\Linxi_00038_.png","1187060","57F30DF829A46CC2B6DD7E89AACE2C44AC53BA0EDB4DAC4C11E93B50C2E4F45A"
"characters/linxi_vore_expansion_references/runtime_overlay_preview.png","E:\Linxi_Production_Archive\source_assets\characters\linxi_vore_expansion_references\runtime_overlay_preview.png","58518","59E342DD82527DA5C3CACDC2F4009E9601E24AE22D29FA7EF633912D606FE3E3"
"characters/linxi_vore_expansion_references/_contact_sheet.png","E:\Linxi_Production_Archive\source_assets\characters\linxi_vore_expansion_references\_contact_sheet.png","2580648","9EABCF7C5BE80C576BBBFA469231CA40664EB0AA853B758171E3A67349D47940"
"characters/linxi_vore_expansion_references/deferred_chest_runtime_20260617/chest/tier_1/idle_00.png","E:\Linxi_Production_Archive\source_assets\characters\linxi_vore_expansion_references\deferred_chest_runtime_20260617\chest\tier_1\idle_00.png","13875","CBBB7B7AA672EFD679E64DAAB637D3B41EE7036E02114A4F5E515FF61389C25D"
"characters/linxi_vore_expansion_references/deferred_chest_runtime_20260617/chest/tier_1/idle_00.png.import","E:\Linxi_Production_Archive\source_assets\characters\linxi_vore_expansion_references\deferred_chest_runtime_20260617\chest\tier_1\idle_00.png.import","980","6B3546F0AE23835D4F1392B8DBCF20F723169DB809FAB2B4D195F2B0A2A14F83"
"characters/linxi_vore_expansion_references/deferred_chest_runtime_20260617/chest/tier_1/idle_01.png","E:\Linxi_Production_Archive\source_assets\characters\linxi_vore_expansion_references\deferred_chest_runtime_20260617\chest\tier_1\idle_01.png","14435","3F89103557CDEF09C3A8597D75EC24E723578C82BA23CB98B787E4F29237B961"
"characters/linxi_vore_expansion_references/deferred_chest_runtime_20260617/chest/tier_1/idle_01.png.import","E:\Linxi_Production_Archive\source_assets\characters\linxi_vore_expansion_references\deferred_chest_runtime_20260617\chest\tier_1\idle_01.png.import","980","153B0FD874996B6DB508108BC1DD573E833462E4565BB2CCAD4C981F5B2A9A3D"
"characters/linxi_vore_expansion_references/deferred_chest_runtime_20260617/chest/tier_1/idle_02.png","E:\Linxi_Production_Archive\source_assets\characters\linxi_vore_expansion_references\deferred_chest_runtime_20260617\chest\tier_1\idle_02.png","13875","CBBB7B7AA672EFD679E64DAAB637D3B41EE7036E02114A4F5E515FF61389C25D"
"characters/linxi_vore_expansion_references/deferred_chest_runtime_20260617/chest/tier_1/idle_02.png.import","E:\Linxi_Production_Archive\source_assets\characters\linxi_vore_expansion_references\deferred_chest_runtime_20260617\chest\tier_1\idle_02.png.import","981","F06208C050E7D4A2B6EB88491F3925E6E9227FCDB8C50277224EA53FDDEDB0B1"
"characters/linxi_vore_expansion_references/deferred_chest_runtime_20260617/chest/tier_1/idle_03.png","E:\Linxi_Production_Archive\source_assets\characters\linxi_vore_expansion_references\deferred_chest_runtime_20260617\chest\tier_1\idle_03.png","13905","202909D102C31BB86ABDE05F23AA75064D509878B63616D14AE526791110CEF4"
"characters/linxi_vore_expansion_references/deferred_chest_runtime_20260617/chest/tier_1/idle_03.png.import","E:\Linxi_Production_Archive\source_assets\characters\linxi_vore_expansion_references\deferred_chest_runtime_20260617\chest\tier_1\idle_03.png.import","981","67D1C97BB8DEA88E1A994566B9326C4E334F28D3A9C7AA797FC627860B3FB221"
"characters/linxi_vore_expansion_references/deferred_chest_runtime_20260617/chest/tier_1/walk_left_00.png","E:\Linxi_Production_Archive\source_assets\characters\linxi_vore_expansion_references\deferred_chest_runtime_20260617\chest\tier_1\walk_left_00.png","13879","440A2BE6A76102DF0325241660E99664B9A280DB2A9E5AC4F10F200071BFB96D"
"characters/linxi_vore_expansion_references/deferred_chest_runtime_20260617/chest/tier_1/walk_left_00.png.import","E:\Linxi_Production_Archive\source_assets\characters\linxi_vore_expansion_references\deferred_chest_runtime_20260617\chest\tier_1\walk_left_00.png.import","996","C12B173D8790E2F72F922ACCD4A3EFF57A8C3C1DE4DFFE16854F9B5CD216000F"
"characters/linxi_vore_expansion_references/deferred_chest_runtime_20260617/chest/tier_1/walk_left_01.png","E:\Linxi_Production_Archive\source_assets\characters\linxi_vore_expansion_references\deferred_chest_runtime_20260617\chest\tier_1\walk_left_01.png","14459","FEB93EA630F739F5BE631813E81F3967CD6994C3271BE546C38724B7304D9F7A"
"characters/linxi_vore_expansion_references/deferred_chest_runtime_20260617/chest/tier_1/walk_left_01.png.import","E:\Linxi_Production_Archive\source_assets\characters\linxi_vore_expansion_references\deferred_chest_runtime_20260617\chest\tier_1\walk_left_01.png.import","996","1FE1CE37EDDA34F3F6D7B98D686F2EDFBF760898968A2CEA41B8A5AF847E2ACE"
"characters/linxi_vore_expansion_references/deferred_chest_runtime_20260617/chest/tier_1/walk_left_02.png","E:\Linxi_Production_Archive\source_assets\characters\linxi_vore_expansion_references\deferred_chest_runtime_20260617\chest\tier_1\walk_left_02.png","13880","19735A34C449075AFBE591A088E99BDADB8FBB65FCFDC3F749D6D9C39D0BC560"
"characters/linxi_vore_expansion_references/deferred_chest_runtime_20260617/chest/tier_1/walk_left_02.png.import","E:\Linxi_Production_Archive\source_assets\characters\linxi_vore_expansion_references\deferred_chest_runtime_20260617\chest\tier_1\walk_left_02.png.import","996","377C7031BBBB42F32A75DEB84A9FA57807AEF3B30798DBF1D7E7603A9FF40C04"
"characters/linxi_vore_expansion_references/deferred_chest_runtime_20260617/chest/tier_1/walk_left_03.png","E:\Linxi_Production_Archive\source_assets\characters\linxi_vore_expansion_references\deferred_chest_runtime_20260617\chest\tier_1\walk_left_03.png","13910","0353773612CBC3744F28AAF49A2A4F89DF55F90CD541CFF9FD15A5DD664C7EC4"
"characters/linxi_vore_expansion_references/deferred_chest_runtime_20260617/chest/tier_1/walk_left_03.png.import","E:\Linxi_Production_Archive\source_assets\characters\linxi_vore_expansion_references\deferred_chest_runtime_20260617\chest\tier_1\walk_left_03.png.import","996","FC68534473908F531E0B1AD9B0D0FF2EF93C55A291DB3DD53F8BD308F3319F5A"
"characters/linxi_vore_expansion_references/deferred_chest_runtime_20260617/chest/tier_1/walk_right_00.png","E:\Linxi_Production_Archive\source_assets\characters\linxi_vore_expansion_references\deferred_chest_runtime_20260617\chest\tier_1\walk_right_00.png","13879","979DB009BF1ED3527DEE3D56DA742A0D0849E993840C62B7BF5A656EEC035E78"
"characters/linxi_vore_expansion_references/deferred_chest_runtime_20260617/chest/tier_1/walk_right_00.png.import","E:\Linxi_Production_Archive\source_assets\characters\linxi_vore_expansion_references\deferred_chest_runtime_20260617\chest\tier_1\walk_right_00.png.import","999","ECE373112E1B25AAF347432353A6A8E8B371B610E194C3BADB486D41CB9C335B"
"characters/linxi_vore_expansion_references/deferred_chest_runtime_20260617/chest/tier_1/walk_right_01.png","E:\Linxi_Production_Archive\source_assets\characters\linxi_vore_expansion_references\deferred_chest_runtime_20260617\chest\tier_1\walk_right_01.png","14457","3067AD9246D05FA9538C98D56267DB4C4770D38792A543821A8250B6E4F0283E"
"characters/linxi_vore_expansion_references/deferred_chest_runtime_20260617/chest/tier_1/walk_right_01.png.import","E:\Linxi_Production_Archive\source_assets\characters\linxi_vore_expansion_references\deferred_chest_runtime_20260617\chest\tier_1\walk_right_01.png.import","998","134B48A3833883E3A23F9026C813ACBA88063CC967FBB9BD1F085A30F6A7EA23"
"characters/linxi_vore_expansion_references/deferred_chest_runtime_20260617/chest/tier_1/walk_right_02.png","E:\Linxi_Production_Archive\source_assets\characters\linxi_vore_expansion_references\deferred_chest_runtime_20260617\chest\tier_1\walk_right_02.png","13871","E6F62CF4D945347FE82ADAAEDC5E0DC9767ADD7D4E3EDFFC381C7E54FDCDC0E5"
"characters/linxi_vore_expansion_references/deferred_chest_runtime_20260617/chest/tier_1/walk_right_02.png.import","E:\Linxi_Production_Archive\source_assets\characters\linxi_vore_expansion_references\deferred_chest_runtime_20260617\chest\tier_1\walk_right_02.png.import","998","2E92AB5D06E68B7A221EA9E208354A45690426D184FFAC0A1758C55FA9763235"
"characters/linxi_vore_expansion_references/deferred_chest_runtime_20260617/chest/tier_1/walk_right_03.png","E:\Linxi_Production_Archive\source_assets\characters\linxi_vore_expansion_references\deferred_chest_runtime_20260617\chest\tier_1\walk_right_03.png","13912","EDBA045CA306240CA95A5768BFD4AFB9524DE35804B0548C4EC14ACDA16E3348"
"characters/linxi_vore_expansion_references/deferred_chest_runtime_20260617/chest/tier_1/walk_right_03.png.import","E:\Linxi_Production_Archive\source_assets\characters\linxi_vore_expansion_references\deferred_chest_runtime_20260617\chest\tier_1\walk_right_03.png.import","999","8CA23F192670414B1A0A4DA4494525C370C5BA98EB20DD319E81B36F22C34783"
"characters/linxi_vore_expansion_references/deferred_chest_runtime_20260617/chest/tier_2/idle_00.png","E:\Linxi_Production_Archive\source_assets\characters\linxi_vore_expansion_references\deferred_chest_runtime_20260617\chest\tier_2\idle_00.png","17616","64B79A1429B0D6A85B637A83DCC68B043DB652A41FA3449D35466186F26FC6D3"
"characters/linxi_vore_expansion_references/deferred_chest_runtime_20260617/chest/tier_2/idle_00.png.import","E:\Linxi_Production_Archive\source_assets\characters\linxi_vore_expansion_references\deferred_chest_runtime_20260617\chest\tier_2\idle_00.png.import","981","EC9B9FE8BDC4166A2657624F8C6626BF7BA6E68171D1FA39951E53D581F025CF"
"characters/linxi_vore_expansion_references/deferred_chest_runtime_20260617/chest/tier_2/idle_01.png","E:\Linxi_Production_Archive\source_assets\characters\linxi_vore_expansion_references\deferred_chest_runtime_20260617\chest\tier_2\idle_01.png","18432","E9390BE32A364B36AE18D153FA55FF3B05C7D6C38880A31798486F1AF3EBA9F1"
"characters/linxi_vore_expansion_references/deferred_chest_runtime_20260617/chest/tier_2/idle_01.png.import","E:\Linxi_Production_Archive\source_assets\characters\linxi_vore_expansion_references\deferred_chest_runtime_20260617\chest\tier_2\idle_01.png.import","981","1D8AC2ABFA2DA0CEF7034538FEE50EAED90E964AB780F49A92DFBB6AD604317A"
"characters/linxi_vore_expansion_references/deferred_chest_runtime_20260617/chest/tier_2/idle_02.png","E:\Linxi_Production_Archive\source_assets\characters\linxi_vore_expansion_references\deferred_chest_runtime_20260617\chest\tier_2\idle_02.png","17616","64B79A1429B0D6A85B637A83DCC68B043DB652A41FA3449D35466186F26FC6D3"
"characters/linxi_vore_expansion_references/deferred_chest_runtime_20260617/chest/tier_2/idle_02.png.import","E:\Linxi_Production_Archive\source_assets\characters\linxi_vore_expansion_references\deferred_chest_runtime_20260617\chest\tier_2\idle_02.png.import","981","8A5EE0E9AC99F40F5555581902265ABA4444B35EA9967EEC15F4F6B99EDB817A"
"characters/linxi_vore_expansion_references/deferred_chest_runtime_20260617/chest/tier_2/idle_03.png","E:\Linxi_Production_Archive\source_assets\characters\linxi_vore_expansion_references\deferred_chest_runtime_20260617\chest\tier_2\idle_03.png","17887","DE86A0CB6A51E9EA81771CB6682E7E06E4224810A4CCF03D6F16A98A6EAD76B4"
"characters/linxi_vore_expansion_references/deferred_chest_runtime_20260617/chest/tier_2/idle_03.png.import","E:\Linxi_Production_Archive\source_assets\characters\linxi_vore_expansion_references\deferred_chest_runtime_20260617\chest\tier_2\idle_03.png.import","981","15EB63D6CBDD52AE5C8DE86567CDBF8F91B3D6B06CEEAC23BAC6824154237E98"
"characters/linxi_vore_expansion_references/deferred_chest_runtime_20260617/chest/tier_2/walk_left_00.png","E:\Linxi_Production_Archive\source_assets\characters\linxi_vore_expansion_references\deferred_chest_runtime_20260617\chest\tier_2\walk_left_00.png","17623","56EBAAB32CDBC2B550314A5C0FB2B14CEB3409678E8993845BF3EFD76CD41DE3"
"characters/linxi_vore_expansion_references/deferred_chest_runtime_20260617/chest/tier_2/walk_left_00.png.import","E:\Linxi_Production_Archive\source_assets\characters\linxi_vore_expansion_references\deferred_chest_runtime_20260617\chest\tier_2\walk_left_00.png.import","995","A0B6C66C77EED88C84273CE1E7F68D18BD546EE600A5566535FFD6E4D548495D"
"characters/linxi_vore_expansion_references/deferred_chest_runtime_20260617/chest/tier_2/walk_left_01.png","E:\Linxi_Production_Archive\source_assets\characters\linxi_vore_expansion_references\deferred_chest_runtime_20260617\chest\tier_2\walk_left_01.png","18429","C02E1458DCCA2A7A0A8B1B1E4606BF0796062EE812FF11049F0E6F635FBB3573"
"characters/linxi_vore_expansion_references/deferred_chest_runtime_20260617/chest/tier_2/walk_left_01.png.import","E:\Linxi_Production_Archive\source_assets\characters\linxi_vore_expansion_references\deferred_chest_runtime_20260617\chest\tier_2\walk_left_01.png.import","995","6F8FECA1538A4509B2D089C661802290CCFBEEE02331C7475126B587A79547FC"
"characters/linxi_vore_expansion_references/deferred_chest_runtime_20260617/chest/tier_2/walk_left_02.png","E:\Linxi_Production_Archive\source_assets\characters\linxi_vore_expansion_references\deferred_chest_runtime_20260617\chest\tier_2\walk_left_02.png","17631","9B94340C3B3B25B8697F257BC9DE61DBFD621677389D3D3186F2E0011A2BE8F9"
"characters/linxi_vore_expansion_references/deferred_chest_runtime_20260617/chest/tier_2/walk_left_02.png.import","E:\Linxi_Production_Archive\source_assets\characters\linxi_vore_expansion_references\deferred_chest_runtime_20260617\chest\tier_2\walk_left_02.png.import","996","65123C32AF6E4A558253D45AF035987B8876E1A62D3488A2C1F322A5DBD6C0D6"
"characters/linxi_vore_expansion_references/deferred_chest_runtime_20260617/chest/tier_2/walk_left_03.png","E:\Linxi_Production_Archive\source_assets\characters\linxi_vore_expansion_references\deferred_chest_runtime_20260617\chest\tier_2\walk_left_03.png","17892","2A2A70E5F8E13099DDD585E9F173BCA75BE077B69C71BE391DFD7233BB056703"
"characters/linxi_vore_expansion_references/deferred_chest_runtime_20260617/chest/tier_2/walk_left_03.png.import","E:\Linxi_Production_Archive\source_assets\characters\linxi_vore_expansion_references\deferred_chest_runtime_20260617\chest\tier_2\walk_left_03.png.import","996","D3D2F4C8E8C0D49214FE6F5D4BE78F16F8C7CACE3F354FDA6F9D75E601780C12"
"characters/linxi_vore_expansion_references/deferred_chest_runtime_20260617/chest/tier_2/walk_right_00.png","E:\Linxi_Production_Archive\source_assets\characters\linxi_vore_expansion_references\deferred_chest_runtime_20260617\chest\tier_2\walk_right_00.png","17635","C25A85736E234D60EE7C33EC11C7E618378E1D65CA7993288D3E282A0A68DD05"
"characters/linxi_vore_expansion_references/deferred_chest_runtime_20260617/chest/tier_2/walk_right_00.png.import","E:\Linxi_Production_Archive\source_assets\characters\linxi_vore_expansion_references\deferred_chest_runtime_20260617\chest\tier_2\walk_right_00.png.import","999","FCAB05F326EB4E1DA5DEA4A3F7C2D14903D15760B6A9D9A6F9C15149A314A0DE"
"characters/linxi_vore_expansion_references/deferred_chest_runtime_20260617/chest/tier_2/walk_right_01.png","E:\Linxi_Production_Archive\source_assets\characters\linxi_vore_expansion_references\deferred_chest_runtime_20260617\chest\tier_2\walk_right_01.png","18429","196045E895C239B52AC4F976FCC6BEE8180457811845ECB8A4CFF52AB713FA61"
"characters/linxi_vore_expansion_references/deferred_chest_runtime_20260617/chest/tier_2/walk_right_01.png.import","E:\Linxi_Production_Archive\source_assets\characters\linxi_vore_expansion_references\deferred_chest_runtime_20260617\chest\tier_2\walk_right_01.png.import","998","AEEF6C049879DBF4F6586FD87CE21853BF2F7C4824F6CC21491C8BD514198065"
"characters/linxi_vore_expansion_references/deferred_chest_runtime_20260617/chest/tier_2/walk_right_02.png","E:\Linxi_Production_Archive\source_assets\characters\linxi_vore_expansion_references\deferred_chest_runtime_20260617\chest\tier_2\walk_right_02.png","17607","0CECA8F4E32FDE999877F65C000EE1D11CA84D86674B58AE1D4C4EBCDF2FADF9"
"characters/linxi_vore_expansion_references/deferred_chest_runtime_20260617/chest/tier_2/walk_right_02.png.import","E:\Linxi_Production_Archive\source_assets\characters\linxi_vore_expansion_references\deferred_chest_runtime_20260617\chest\tier_2\walk_right_02.png.import","999","684B559046B1B8722B7CAF6CFE357931C2C5E2A2C22FF1EC81CE70058669D631"
"characters/linxi_vore_expansion_references/deferred_chest_runtime_20260617/chest/tier_2/walk_right_03.png","E:\Linxi_Production_Archive\source_assets\characters\linxi_vore_expansion_references\deferred_chest_runtime_20260617\chest\tier_2\walk_right_03.png","17876","BDC23421A4F1AAA612CF3C135194C4907760FB0B92550FBCE7D9FFA0984D8163"
"characters/linxi_vore_expansion_references/deferred_chest_runtime_20260617/chest/tier_2/walk_right_03.png.import","E:\Linxi_Production_Archive\source_assets\characters\linxi_vore_expansion_references\deferred_chest_runtime_20260617\chest\tier_2\walk_right_03.png.import","999","19A97E01CD164A8324AB0B486D348DBAB7312FE19EE7D42C9BB8C4236BE0A68E"
"characters/linxi_vore_expansion_references/deferred_chest_runtime_20260617/chest/tier_3/idle_00.png","E:\Linxi_Production_Archive\source_assets\characters\linxi_vore_expansion_references\deferred_chest_runtime_20260617\chest\tier_3\idle_00.png","23664","213C8F5B71D2FA4E80E8EFF8BE3595F3022E716B9C704F0228CC6E585B2E3CF3"
"characters/linxi_vore_expansion_references/deferred_chest_runtime_20260617/chest/tier_3/idle_00.png.import","E:\Linxi_Production_Archive\source_assets\characters\linxi_vore_expansion_references\deferred_chest_runtime_20260617\chest\tier_3\idle_00.png.import","980","E007848C9F65AFED2C1B14BD764226838E293BBB5766153E1A0FC1342B05FEBC"
"characters/linxi_vore_expansion_references/deferred_chest_runtime_20260617/chest/tier_3/idle_01.png","E:\Linxi_Production_Archive\source_assets\characters\linxi_vore_expansion_references\deferred_chest_runtime_20260617\chest\tier_3\idle_01.png","25336","8230B1843E79688510FB150FB82B4766D48173B9B4C53F5D2FEB757A60DF48E5"
"characters/linxi_vore_expansion_references/deferred_chest_runtime_20260617/chest/tier_3/idle_01.png.import","E:\Linxi_Production_Archive\source_assets\characters\linxi_vore_expansion_references\deferred_chest_runtime_20260617\chest\tier_3\idle_01.png.import","981","54BFB2216114718132F19B395CC9A9144744A5DA28D300E3ADD8BB34E32AF6FC"
"characters/linxi_vore_expansion_references/deferred_chest_runtime_20260617/chest/tier_3/idle_02.png","E:\Linxi_Production_Archive\source_assets\characters\linxi_vore_expansion_references\deferred_chest_runtime_20260617\chest\tier_3\idle_02.png","23664","213C8F5B71D2FA4E80E8EFF8BE3595F3022E716B9C704F0228CC6E585B2E3CF3"
"characters/linxi_vore_expansion_references/deferred_chest_runtime_20260617/chest/tier_3/idle_02.png.import","E:\Linxi_Production_Archive\source_assets\characters\linxi_vore_expansion_references\deferred_chest_runtime_20260617\chest\tier_3\idle_02.png.import","981","6EE321E08970C388FBE86B14592CE97C0A9B07D2C96423CFFCE658CCDAC6FC12"
"characters/linxi_vore_expansion_references/deferred_chest_runtime_20260617/chest/tier_3/idle_03.png","E:\Linxi_Production_Archive\source_assets\characters\linxi_vore_expansion_references\deferred_chest_runtime_20260617\chest\tier_3\idle_03.png","24443","21A9E59B5489B7FEF2A513359D0C861FBBFA6BDAB91CE48E42808C23FBB9E9FF"
"characters/linxi_vore_expansion_references/deferred_chest_runtime_20260617/chest/tier_3/idle_03.png.import","E:\Linxi_Production_Archive\source_assets\characters\linxi_vore_expansion_references\deferred_chest_runtime_20260617\chest\tier_3\idle_03.png.import","981","EE800E7A5C13A61EB4334995FB4DAEBDF4400E801FA657B472F437A6EE6F04C4"
"characters/linxi_vore_expansion_references/deferred_chest_runtime_20260617/chest/tier_3/walk_left_00.png","E:\Linxi_Production_Archive\source_assets\characters\linxi_vore_expansion_references\deferred_chest_runtime_20260617\chest\tier_3\walk_left_00.png","23661","F2B3F8A24BFA6B44ECBD1DDFF51AF6103F008D1ADB198454AFAC7309CE8AFD81"
"characters/linxi_vore_expansion_references/deferred_chest_runtime_20260617/chest/tier_3/walk_left_00.png.import","E:\Linxi_Production_Archive\source_assets\characters\linxi_vore_expansion_references\deferred_chest_runtime_20260617\chest\tier_3\walk_left_00.png.import","996","7F737039B888663C7637362B7A0F1A2547AD1A6E16572C1596CC31BF571EC345"
"characters/linxi_vore_expansion_references/deferred_chest_runtime_20260617/chest/tier_3/walk_left_01.png","E:\Linxi_Production_Archive\source_assets\characters\linxi_vore_expansion_references\deferred_chest_runtime_20260617\chest\tier_3\walk_left_01.png","25344","7566BABE7937D207BBB9A62153BDB430D0D7A31F676EA348FD92946BC5814E1A"
"characters/linxi_vore_expansion_references/deferred_chest_runtime_20260617/chest/tier_3/walk_left_01.png.import","E:\Linxi_Production_Archive\source_assets\characters\linxi_vore_expansion_references\deferred_chest_runtime_20260617\chest\tier_3\walk_left_01.png.import","996","B5AA1C6A1F85F34BCC71A85CA700C630F175F0B2BED71EA071CD00B084B096C9"
"characters/linxi_vore_expansion_references/deferred_chest_runtime_20260617/chest/tier_3/walk_left_02.png","E:\Linxi_Production_Archive\source_assets\characters\linxi_vore_expansion_references\deferred_chest_runtime_20260617\chest\tier_3\walk_left_02.png","23666","5AC0301293CA5945A9E808A52248226B758A1D1D8B5B857F708909184DF928EB"
"characters/linxi_vore_expansion_references/deferred_chest_runtime_20260617/chest/tier_3/walk_left_02.png.import","E:\Linxi_Production_Archive\source_assets\characters\linxi_vore_expansion_references\deferred_chest_runtime_20260617\chest\tier_3\walk_left_02.png.import","996","3B4E51FD0A309CD7FD8A01700BD34F27EA5FA61FC8EF55BFECFB8B5A60D17082"
"characters/linxi_vore_expansion_references/deferred_chest_runtime_20260617/chest/tier_3/walk_left_03.png","E:\Linxi_Production_Archive\source_assets\characters\linxi_vore_expansion_references\deferred_chest_runtime_20260617\chest\tier_3\walk_left_03.png","24452","4D831C35E8DDB5AAB54ADC5C48EE2CCA8742549B218F8BE5273BBA8BC27BB12E"
"characters/linxi_vore_expansion_references/deferred_chest_runtime_20260617/chest/tier_3/walk_left_03.png.import","E:\Linxi_Production_Archive\source_assets\characters\linxi_vore_expansion_references\deferred_chest_runtime_20260617\chest\tier_3\walk_left_03.png.import","996","E5FC2C342E84393914E46035A36E327932B1565B997811414672BD7F2E4B8BF2"
"characters/linxi_vore_expansion_references/deferred_chest_runtime_20260617/chest/tier_3/walk_right_00.png","E:\Linxi_Production_Archive\source_assets\characters\linxi_vore_expansion_references\deferred_chest_runtime_20260617\chest\tier_3\walk_right_00.png","23678","1F66B290B4ECCBB3E22A02FD2AB7E930776001915DDBD1C4CE0F7593E9B2893C"
"characters/linxi_vore_expansion_references/deferred_chest_runtime_20260617/chest/tier_3/walk_right_00.png.import","E:\Linxi_Production_Archive\source_assets\characters\linxi_vore_expansion_references\deferred_chest_runtime_20260617\chest\tier_3\walk_right_00.png.import","998","930AAD157E89AEEB77B4072F832A2F150F23E6F000ACDF41EBFE3E280F13D1B8"
"characters/linxi_vore_expansion_references/deferred_chest_runtime_20260617/chest/tier_3/walk_right_01.png","E:\Linxi_Production_Archive\source_assets\characters\linxi_vore_expansion_references\deferred_chest_runtime_20260617\chest\tier_3\walk_right_01.png","25330","F9B5D75F1F80F9B322F74F886B19B78D8C80A1ECC7A8A83FF4110797F70945D9"
"characters/linxi_vore_expansion_references/deferred_chest_runtime_20260617/chest/tier_3/walk_right_01.png.import","E:\Linxi_Production_Archive\source_assets\characters\linxi_vore_expansion_references\deferred_chest_runtime_20260617\chest\tier_3\walk_right_01.png.import","999","B9F880B0A3BAA27D76E677A635722C216848BDE8C9D6BE61E52FC9A3011CD396"
"characters/linxi_vore_expansion_references/deferred_chest_runtime_20260617/chest/tier_3/walk_right_02.png","E:\Linxi_Production_Archive\source_assets\characters\linxi_vore_expansion_references\deferred_chest_runtime_20260617\chest\tier_3\walk_right_02.png","23662","85DFB895A702FD509D7CC5744253AC320DFBBE810B18D1CBE893A66BAAA837CA"
"characters/linxi_vore_expansion_references/deferred_chest_runtime_20260617/chest/tier_3/walk_right_02.png.import","E:\Linxi_Production_Archive\source_assets\characters\linxi_vore_expansion_references\deferred_chest_runtime_20260617\chest\tier_3\walk_right_02.png.import","999","7D1DCFB5140556381848847D0A8142E23269FCC8D81433503D37C3C837AF6F52"
"characters/linxi_vore_expansion_references/deferred_chest_runtime_20260617/chest/tier_3/walk_right_03.png","E:\Linxi_Production_Archive\source_assets\characters\linxi_vore_expansion_references\deferred_chest_runtime_20260617\chest\tier_3\walk_right_03.png","24448","344B909E31F56B5DACC4DDB15DCC6D77CFFB438601B6221AB2C513A5FE90D5FA"
"characters/linxi_vore_expansion_references/deferred_chest_runtime_20260617/chest/tier_3/walk_right_03.png.import","E:\Linxi_Production_Archive\source_assets\characters\linxi_vore_expansion_references\deferred_chest_runtime_20260617\chest\tier_3\walk_right_03.png.import","999","18FE3EFE0EFFFC62CE92D502D82D29846788BCBFF1D69718F66030D0648876AB"
"characters/linxi_vore_expansion_references/deferred_chest_runtime_20260617/chest/tier_4/idle_00.png","E:\Linxi_Production_Archive\source_assets\characters\linxi_vore_expansion_references\deferred_chest_runtime_20260617\chest\tier_4\idle_00.png","33001","5BB25AEC1E5C206175961D4336CB262BDF88B07AC994D1D546F0E8F3A8A6F7D8"
"characters/linxi_vore_expansion_references/deferred_chest_runtime_20260617/chest/tier_4/idle_00.png.import","E:\Linxi_Production_Archive\source_assets\characters\linxi_vore_expansion_references\deferred_chest_runtime_20260617\chest\tier_4\idle_00.png.import","981","E83D627474EEA57E176BC86CA57064E9D2B5C72FB7D041CD18176C5A92C96816"
"characters/linxi_vore_expansion_references/deferred_chest_runtime_20260617/chest/tier_4/idle_01.png","E:\Linxi_Production_Archive\source_assets\characters\linxi_vore_expansion_references\deferred_chest_runtime_20260617\chest\tier_4\idle_01.png","35610","60C9E79D712CCBBC2A88551C6B50A34FD3455DB634CA01EF86145A023F0769DA"
"characters/linxi_vore_expansion_references/deferred_chest_runtime_20260617/chest/tier_4/idle_01.png.import","E:\Linxi_Production_Archive\source_assets\characters\linxi_vore_expansion_references\deferred_chest_runtime_20260617\chest\tier_4\idle_01.png.import","980","E41E40912F6B73D91EC27F874E44E5343921C4199305E54369CF893228E4DB05"
"characters/linxi_vore_expansion_references/deferred_chest_runtime_20260617/chest/tier_4/idle_02.png","E:\Linxi_Production_Archive\source_assets\characters\linxi_vore_expansion_references\deferred_chest_runtime_20260617\chest\tier_4\idle_02.png","34383","34D7AFAA787FEAC7678A4CD309D02AD8F784389C2D4A1F511960A81DBA0FBBFC"
"characters/linxi_vore_expansion_references/deferred_chest_runtime_20260617/chest/tier_4/idle_02.png.import","E:\Linxi_Production_Archive\source_assets\characters\linxi_vore_expansion_references\deferred_chest_runtime_20260617\chest\tier_4\idle_02.png.import","981","B15E97C2F12885ECB9E15D6EB2878B80D6FD476CF74E4521D67BD62FEBD2663A"
"characters/linxi_vore_expansion_references/deferred_chest_runtime_20260617/chest/tier_4/idle_03.png","E:\Linxi_Production_Archive\source_assets\characters\linxi_vore_expansion_references\deferred_chest_runtime_20260617\chest\tier_4\idle_03.png","34321","A598EA8A29F458DCB1832CA0283EDDC35E29315C8B9A39CDD1E0A1649C4EDE17"
"characters/linxi_vore_expansion_references/deferred_chest_runtime_20260617/chest/tier_4/idle_03.png.import","E:\Linxi_Production_Archive\source_assets\characters\linxi_vore_expansion_references\deferred_chest_runtime_20260617\chest\tier_4\idle_03.png.import","981","A441F49790B80E53D9A5BEA795EFE928189C7F58377F451B4F788E3E05C94CF1"
"characters/linxi_vore_expansion_references/deferred_chest_runtime_20260617/chest/tier_4/walk_left_00.png","E:\Linxi_Production_Archive\source_assets\characters\linxi_vore_expansion_references\deferred_chest_runtime_20260617\chest\tier_4\walk_left_00.png","33008","1B1BA04B31162B99A22ABEDED59E2CF753743F695956AB83C77708B04E38064A"
"characters/linxi_vore_expansion_references/deferred_chest_runtime_20260617/chest/tier_4/walk_left_00.png.import","E:\Linxi_Production_Archive\source_assets\characters\linxi_vore_expansion_references\deferred_chest_runtime_20260617\chest\tier_4\walk_left_00.png.import","996","C51DCFB69F37C6432AF8F348F2A90B68892B1D079804312E29EFBF0091145EFB"
"characters/linxi_vore_expansion_references/deferred_chest_runtime_20260617/chest/tier_4/walk_left_01.png","E:\Linxi_Production_Archive\source_assets\characters\linxi_vore_expansion_references\deferred_chest_runtime_20260617\chest\tier_4\walk_left_01.png","35604","ABC4985C9C7BE711E3D46680988ADF86AF6D53C17E067524C392126813EB53CF"
"characters/linxi_vore_expansion_references/deferred_chest_runtime_20260617/chest/tier_4/walk_left_01.png.import","E:\Linxi_Production_Archive\source_assets\characters\linxi_vore_expansion_references\deferred_chest_runtime_20260617\chest\tier_4\walk_left_01.png.import","996","51C390F8B61966BF2106779AD6BD8A2DABB7CD176A7BA51E5A0599CF410C6EFA"
"characters/linxi_vore_expansion_references/deferred_chest_runtime_20260617/chest/tier_4/walk_left_02.png","E:\Linxi_Production_Archive\source_assets\characters\linxi_vore_expansion_references\deferred_chest_runtime_20260617\chest\tier_4\walk_left_02.png","34392","AB125991DF0D5A583BD42E695429182A7293E5C31C54CFADCF6FE6D66DB2482E"
"characters/linxi_vore_expansion_references/deferred_chest_runtime_20260617/chest/tier_4/walk_left_02.png.import","E:\Linxi_Production_Archive\source_assets\characters\linxi_vore_expansion_references\deferred_chest_runtime_20260617\chest\tier_4\walk_left_02.png.import","995","FAA94E47AE73FB9D6BDF08F4EA4AAEEC1D9C6C99639371263C5EBA54D69B1CD2"
"characters/linxi_vore_expansion_references/deferred_chest_runtime_20260617/chest/tier_4/walk_left_03.png","E:\Linxi_Production_Archive\source_assets\characters\linxi_vore_expansion_references\deferred_chest_runtime_20260617\chest\tier_4\walk_left_03.png","34336","5D648968CD7C58810E75BB416F4DAD112BCE198A2CDD6669BA59AC375827DFE7"
"characters/linxi_vore_expansion_references/deferred_chest_runtime_20260617/chest/tier_4/walk_left_03.png.import","E:\Linxi_Production_Archive\source_assets\characters\linxi_vore_expansion_references\deferred_chest_runtime_20260617\chest\tier_4\walk_left_03.png.import","996","06A6516371580597F3F15C994D5BC55125330FBE34D62D045DCC70B0F2581211"
"characters/linxi_vore_expansion_references/deferred_chest_runtime_20260617/chest/tier_4/walk_right_00.png","E:\Linxi_Production_Archive\source_assets\characters\linxi_vore_expansion_references\deferred_chest_runtime_20260617\chest\tier_4\walk_right_00.png","33010","368B5FBAA359C44BACB2B2B9DF48E49D34222DB5B4A11F0BD7F4CB456CA9ADCF"
"characters/linxi_vore_expansion_references/deferred_chest_runtime_20260617/chest/tier_4/walk_right_00.png.import","E:\Linxi_Production_Archive\source_assets\characters\linxi_vore_expansion_references\deferred_chest_runtime_20260617\chest\tier_4\walk_right_00.png.import","999","22A7804C170B930EDC9F7D37B515B624A30A5A9FAA8BA8FBAC46EBDB1B11E8A3"
"characters/linxi_vore_expansion_references/deferred_chest_runtime_20260617/chest/tier_4/walk_right_01.png","E:\Linxi_Production_Archive\source_assets\characters\linxi_vore_expansion_references\deferred_chest_runtime_20260617\chest\tier_4\walk_right_01.png","35630","722F1E01C6388B285D50E4224BEA91D1E4517B4F1AAE99783064B38FA157C658"
"characters/linxi_vore_expansion_references/deferred_chest_runtime_20260617/chest/tier_4/walk_right_01.png.import","E:\Linxi_Production_Archive\source_assets\characters\linxi_vore_expansion_references\deferred_chest_runtime_20260617\chest\tier_4\walk_right_01.png.import","999","946E01BB5829C216B50607824CD84289A1CF783C78A7CD8B41B694C35D50E55B"
"characters/linxi_vore_expansion_references/deferred_chest_runtime_20260617/chest/tier_4/walk_right_02.png","E:\Linxi_Production_Archive\source_assets\characters\linxi_vore_expansion_references\deferred_chest_runtime_20260617\chest\tier_4\walk_right_02.png","34388","ECB13442BDA4B51AA3F52EC1253332CEEC14029FA1E6D811A51A6C9555D9CA86"
"characters/linxi_vore_expansion_references/deferred_chest_runtime_20260617/chest/tier_4/walk_right_02.png.import","E:\Linxi_Production_Archive\source_assets\characters\linxi_vore_expansion_references\deferred_chest_runtime_20260617\chest\tier_4\walk_right_02.png.import","999","CAE63066CFB6FFEE72892CBBF9AC39F69BC61BC051159B6789A21B4B88902772"
"characters/linxi_vore_expansion_references/deferred_chest_runtime_20260617/chest/tier_4/walk_right_03.png","E:\Linxi_Production_Archive\source_assets\characters\linxi_vore_expansion_references\deferred_chest_runtime_20260617\chest\tier_4\walk_right_03.png","34321","04195DCC8ADEB6E4750617016FDDEE17D278E6CA1007DC92F1FDE4D86FF6F999"
"characters/linxi_vore_expansion_references/deferred_chest_runtime_20260617/chest/tier_4/walk_right_03.png.import","E:\Linxi_Production_Archive\source_assets\characters\linxi_vore_expansion_references\deferred_chest_runtime_20260617\chest\tier_4\walk_right_03.png.import","999","58B694A626C0F9CB0F854B3350731D008A8291DF615B8BC4D5B034968F8A2B6A"
"characters/linxi_vore_expansion_references/generated_pipeline_20260616/raw_belly_2x2.png","E:\Linxi_Production_Archive\source_assets\characters\linxi_vore_expansion_references\generated_pipeline_20260616\raw_belly_2x2.png","1627604","0E7BFD0F02BFCA40DBBBD684B4D11A56388D2BE10240F095FE78516A35AA0F23"
"characters/linxi_vore_expansion_references/generated_pipeline_20260616/raw_chest_upper_torso_2x2.png","E:\Linxi_Production_Archive\source_assets\characters\linxi_vore_expansion_references\generated_pipeline_20260616\raw_chest_upper_torso_2x2.png","1834903","1017CC757E00B24F0D7F248BF8B0AA0605B602368B65344BE3A33ACFD6A3AB61"
"characters/linxi_vore_expansion_references/generated_pipeline_20260616/runtime-export-meta.json","E:\Linxi_Production_Archive\source_assets\characters\linxi_vore_expansion_references\generated_pipeline_20260616\runtime-export-meta.json","2506","A2DD29888AD239F9A8AD947160BDEB842D53B0122D570CA1D299F809005003B1"
"characters/linxi_vore_expansion_references/generated_pipeline_20260616/runtime_overlay_preview.png","E:\Linxi_Production_Archive\source_assets\characters\linxi_vore_expansion_references\generated_pipeline_20260616\runtime_overlay_preview.png","46784","EFA096F2D86E52C3631F8D6566A3B0BC6EAEB6A40558F4A82CBFDFCD7A0BF217"
"characters/linxi_vore_expansion_references/generated_pipeline_20260616/processed_belly/animation.gif","E:\Linxi_Production_Archive\source_assets\characters\linxi_vore_expansion_references\generated_pipeline_20260616\processed_belly\animation.gif","275717","887B8B3075B8F7B7A2F0CBC24FC8403E783E4A902E3DA15FAC3FE691FAFC8F7F"
"characters/linxi_vore_expansion_references/generated_pipeline_20260616/processed_belly/belly_tier-1.png","E:\Linxi_Production_Archive\source_assets\characters\linxi_vore_expansion_references\generated_pipeline_20260616\processed_belly\belly_tier-1.png","80214","ECC6547A938EDE51C7D3624A2E6BAC274CB79D207A99D0F8996F9044092DC225"
"characters/linxi_vore_expansion_references/generated_pipeline_20260616/processed_belly/belly_tier-2.png","E:\Linxi_Production_Archive\source_assets\characters\linxi_vore_expansion_references\generated_pipeline_20260616\processed_belly\belly_tier-2.png","171038","7C8CE335D95820E064FA8B722C032F17CEF7C01710C759DA1A0E79D1AECC5D91"
"characters/linxi_vore_expansion_references/generated_pipeline_20260616/processed_belly/belly_tier-3.png","E:\Linxi_Production_Archive\source_assets\characters\linxi_vore_expansion_references\generated_pipeline_20260616\processed_belly\belly_tier-3.png","206370","2DEEBE121D2BB99C2603BBB686E9D1C9CEEE663D2BA41D7D2C67329305922AE4"
"characters/linxi_vore_expansion_references/generated_pipeline_20260616/processed_belly/belly_tier-4.png","E:\Linxi_Production_Archive\source_assets\characters\linxi_vore_expansion_references\generated_pipeline_20260616\processed_belly\belly_tier-4.png","254540","9FB69397C1ACBED210D81AB0D99AA83D30D01CD3A32777A272ACD71DC1F75AD6"
"characters/linxi_vore_expansion_references/generated_pipeline_20260616/processed_belly/pipeline-meta.json","E:\Linxi_Production_Archive\source_assets\characters\linxi_vore_expansion_references\generated_pipeline_20260616\processed_belly\pipeline-meta.json","3115","A94A4550F81987789EDCC57065EE23B992FAE875CB8743B04D37704F0D98B196"
"characters/linxi_vore_expansion_references/generated_pipeline_20260616/processed_belly/raw-sheet-clean.png","E:\Linxi_Production_Archive\source_assets\characters\linxi_vore_expansion_references\generated_pipeline_20260616\processed_belly\raw-sheet-clean.png","980621","5852A677468FE196AF34DEC1635780E0C0DF4123CF2958CCE9F7E114079B04BA"
"characters/linxi_vore_expansion_references/generated_pipeline_20260616/processed_belly/raw-sheet.png","E:\Linxi_Production_Archive\source_assets\characters\linxi_vore_expansion_references\generated_pipeline_20260616\processed_belly\raw-sheet.png","1822523","EF4DDEB5B8DE6524CAD8533076002C62EB136653C4C9025E5A08FD58EF7A1823"
"characters/linxi_vore_expansion_references/generated_pipeline_20260616/processed_belly/sheet-transparent.png","E:\Linxi_Production_Archive\source_assets\characters\linxi_vore_expansion_references\generated_pipeline_20260616\processed_belly\sheet-transparent.png","696865","DA2F80936F26E676EDEC229C698ACC945DB80FAFCC1DA99D4FD2BFF21375E47D"
"characters/linxi_vore_expansion_references/generated_pipeline_20260616/processed_chest/animation.gif","E:\Linxi_Production_Archive\source_assets\characters\linxi_vore_expansion_references\generated_pipeline_20260616\processed_chest\animation.gif","266308","0B229295D721A61F4E6CD74C140271DF2703E2F4F6D5E7EB53B4533E8108F0D8"
"characters/linxi_vore_expansion_references/generated_pipeline_20260616/processed_chest/chest_tier-1.png","E:\Linxi_Production_Archive\source_assets\characters\linxi_vore_expansion_references\generated_pipeline_20260616\processed_chest\chest_tier-1.png","113533","CD79BBDC75FECC92D42E8EC2F3632470D3616648154488CEBF6DF31245BA125A"
"characters/linxi_vore_expansion_references/generated_pipeline_20260616/processed_chest/chest_tier-2.png","E:\Linxi_Production_Archive\source_assets\characters\linxi_vore_expansion_references\generated_pipeline_20260616\processed_chest\chest_tier-2.png","145530","4A0FA8A4292E5F0B30ACC7B6AF545EE2DD387A7EF1471303927C479804CDBB7F"
"characters/linxi_vore_expansion_references/generated_pipeline_20260616/processed_chest/chest_tier-3.png","E:\Linxi_Production_Archive\source_assets\characters\linxi_vore_expansion_references\generated_pipeline_20260616\processed_chest\chest_tier-3.png","188637","6EEEE5FD1BB8D40C33FDD7AD33DFF3FBDA14781B84341F52009979A60D4C8E0E"
"characters/linxi_vore_expansion_references/generated_pipeline_20260616/processed_chest/chest_tier-4.png","E:\Linxi_Production_Archive\source_assets\characters\linxi_vore_expansion_references\generated_pipeline_20260616\processed_chest\chest_tier-4.png","255003","13BB462BCCFBA1A0A214F502F0AF8155BA1481490F46E2FE8BFE7D5B062F53DB"
"characters/linxi_vore_expansion_references/generated_pipeline_20260616/processed_chest/pipeline-meta.json","E:\Linxi_Production_Archive\source_assets\characters\linxi_vore_expansion_references\generated_pipeline_20260616\processed_chest\pipeline-meta.json","3127","F90D7D091F495D05114A76ABFCC28CFD1EFDFC72C3446D722ACD93A0C2617108"
"characters/linxi_vore_expansion_references/generated_pipeline_20260616/processed_chest/raw-sheet-clean.png","E:\Linxi_Production_Archive\source_assets\characters\linxi_vore_expansion_references\generated_pipeline_20260616\processed_chest\raw-sheet-clean.png","1228048","E24F6180CC2C9B6942D1F1FDB42357EF3D29B3321A251D21928B82868BCD100E"
"characters/linxi_vore_expansion_references/generated_pipeline_20260616/processed_chest/raw-sheet.png","E:\Linxi_Production_Archive\source_assets\characters\linxi_vore_expansion_references\generated_pipeline_20260616\processed_chest\raw-sheet.png","2047258","4433C8C36306F4F1EBF719D965E7FA56FF12C1D0BDE00108443483235AC49B08"
"characters/linxi_vore_expansion_references/generated_pipeline_20260616/processed_chest/sheet-transparent.png","E:\Linxi_Production_Archive\source_assets\characters\linxi_vore_expansion_references\generated_pipeline_20260616\processed_chest\sheet-transparent.png","688227","5503105B7FA671307F78020E88EEB4FAE1AFFC08723CFB8CB1B9BA9797064EC3"
"characters/linxi_vore_expansion_references/manual_clips_20260617/manual-clip-meta.json","E:\Linxi_Production_Archive\source_assets\characters\linxi_vore_expansion_references\manual_clips_20260617\manual-clip-meta.json","2224","8BE2DC7035E34249F407709C3E5E370958E8FC83CE71A051BDE8B728B8799EB8"
"characters/linxi_vore_expansion_references/manual_clips_20260617/runtime_overlay_preview.png","E:\Linxi_Production_Archive\source_assets\characters\linxi_vore_expansion_references\manual_clips_20260617\runtime_overlay_preview.png","92604","40CB696B24519AE26947420545C196B2087CD952CDFAAB6544D95F39104DAF17"
"characters/linxi_vore_expansion_references/manual_clips_20260617/runtime_overlay_preview_belly_anchor_adjust.png","E:\Linxi_Production_Archive\source_assets\characters\linxi_vore_expansion_references\manual_clips_20260617\runtime_overlay_preview_belly_anchor_adjust.png","93604","9633B396241007AC4FD39C5117498FDE6BFA1A0D46F9DE781FDA587E2C78CBB5"
"characters/linxi_vore_expansion_references/manual_clips_20260617/belly/tier_1_cutout.png","E:\Linxi_Production_Archive\source_assets\characters\linxi_vore_expansion_references\manual_clips_20260617\belly\tier_1_cutout.png","11847","363D1AA351CE9CE298DE18E2BEE22B7B7244ABEAEE5A1A38DC9C02B967379CFE"
"characters/linxi_vore_expansion_references/manual_clips_20260617/belly/tier_2_cutout.png","E:\Linxi_Production_Archive\source_assets\characters\linxi_vore_expansion_references\manual_clips_20260617\belly\tier_2_cutout.png","17180","6DE65261E7874AD3CA3F876DEA96FB11C637B16CB4B0D9AC0D15E75ACDF23C03"
"characters/linxi_vore_expansion_references/manual_clips_20260617/belly/tier_3_cutout.png","E:\Linxi_Production_Archive\source_assets\characters\linxi_vore_expansion_references\manual_clips_20260617\belly\tier_3_cutout.png","25228","82BA8D8FB5C9937D427351146ACF55188132B561A8604564D1E5D563C75D0CC8"
"characters/linxi_vore_expansion_references/manual_clips_20260617/belly/tier_4_cutout.png","E:\Linxi_Production_Archive\source_assets\characters\linxi_vore_expansion_references\manual_clips_20260617\belly\tier_4_cutout.png","39028","CB45412AAF732ECEFD0E1E476B5FEA9749479DD4907D0314A3D7B174A57F83FE"
"characters/linxi_vore_expansion_references/manual_clips_20260617/chest/tier_1_cutout.png","E:\Linxi_Production_Archive\source_assets\characters\linxi_vore_expansion_references\manual_clips_20260617\chest\tier_1_cutout.png","12837","64485173F013B06C33B97B55A49E297F3F659A3DEB50171069A3142C8970464A"
"characters/linxi_vore_expansion_references/manual_clips_20260617/chest/tier_2_cutout.png","E:\Linxi_Production_Archive\source_assets\characters\linxi_vore_expansion_references\manual_clips_20260617\chest\tier_2_cutout.png","16675","BDA008CE2EAFA375753EA87F64444758155CCBB3E6543EDDB8193D326926B232"
"characters/linxi_vore_expansion_references/manual_clips_20260617/chest/tier_3_cutout.png","E:\Linxi_Production_Archive\source_assets\characters\linxi_vore_expansion_references\manual_clips_20260617\chest\tier_3_cutout.png","23268","9E73B25C4F124AE7CC2AC2D9D8A49CE98106F2AFB100DD21F77AD47F82EC403E"
"characters/linxi_vore_expansion_references/manual_clips_20260617/chest/tier_4_cutout.png","E:\Linxi_Production_Archive\source_assets\characters\linxi_vore_expansion_references\manual_clips_20260617\chest\tier_4_cutout.png","33154","98F20BC08E5963A871CC08BEEC3B66C5C8BBB8A77D941504E9DEA5C16CF89EED"
"cinematics/opening/mp4_sources/image__00001.mp4","E:\Linxi_Production_Archive\source_assets\cinematics\opening\mp4_sources\image__00001.mp4","2605702","5593E88D38B833BD86D3039747D5FC19F224ED2EC2DD8B83EC3D340298D66779"
"cinematics/opening/mp4_sources/image__00002.mp4","E:\Linxi_Production_Archive\source_assets\cinematics\opening\mp4_sources\image__00002.mp4","1611849","04EA17C3577075D85D1BF346F2157F1AA5ED9DED5EE1157AD55434DABC70343D"
"cinematics/opening/mp4_sources/image__00003.mp4","E:\Linxi_Production_Archive\source_assets\cinematics\opening\mp4_sources\image__00003.mp4","5139120","812D2F3DC5EE4391705CC574F42D41E8A310D04FDA571A20129BE17F4C2C1705"
"cinematics/opening/mp4_sources/image__00004.mp4","E:\Linxi_Production_Archive\source_assets\cinematics\opening\mp4_sources\image__00004.mp4","1362623","E61C920FAA3EE4F0B88679E1B9E45DD2E8E97224B42A4EA44ACE3593DA734698"
"cinematics/opening/mp4_sources/image__00007.mp4","E:\Linxi_Production_Archive\source_assets\cinematics\opening\mp4_sources\image__00007.mp4","1908991","C39919E7F313ABC1C3026BCCF99571CF7A7590ECC50FC702553754B606B5EE1E"
"effects/attack_preview/attack_cone_raw_magenta.png","E:\Linxi_Production_Archive\source_assets\effects\attack_preview\attack_cone_raw_magenta.png","2011641","0298351EADB8204074EECD6F9D3794D6E0B973F95B4DB8EF9659F73AC2F143B3"
"effects/attack_preview/attack_cone_raw_magenta.png.import","E:\Linxi_Production_Archive\source_assets\effects\attack_preview\attack_cone_raw_magenta.png.import","1010","D53931B4690B075DDDBFCFD14BAF6890CC38D8CF0C0680336DB60E349123EC5D"
"effects/claw_slash/prompt-used.txt","E:\Linxi_Production_Archive\source_assets\effects\claw_slash\prompt-used.txt","701","E247F682C5F27B2ACDED4E13B2779FE57AD93B7AA72024758559E4A7D2E2D933"
"effects/claw_slash/raw-sheet-silver.png","E:\Linxi_Production_Archive\source_assets\effects\claw_slash\raw-sheet-silver.png","1394332","203B5E33D8F53ACB4E3CB613101B0CCA46AF6D4A380E62A899DB69063AD61BA3"
"effects/claw_slash/processed_silver/animation.gif","E:\Linxi_Production_Archive\source_assets\effects\claw_slash\processed_silver\animation.gif","25282","6F71615C233BA2A28A5DC0AAA02B2BAF6F24D050CD49A9BC6C4C763B080476DA"
"effects/claw_slash/processed_silver/claw_slash-1.png","E:\Linxi_Production_Archive\source_assets\effects\claw_slash\processed_silver\claw_slash-1.png","5211","567DC3983241A1217851F7B4C4500FD5C34A840CB1385889602E9CC726399CD3"
"effects/claw_slash/processed_silver/claw_slash-2.png","E:\Linxi_Production_Archive\source_assets\effects\claw_slash\processed_silver\claw_slash-2.png","33879","04F2EDC24E1F844725E5EE8FFDD0CA0C98EE748FB013A2EF35E7CF3BEC738C22"
"effects/claw_slash/processed_silver/claw_slash-3.png","E:\Linxi_Production_Archive\source_assets\effects\claw_slash\processed_silver\claw_slash-3.png","3165","0C689DDC1245A447D443B2EBC2F4E93A7C5FBDE8276D4D6554B2A2F0EFD081F8"
"effects/claw_slash/processed_silver/claw_slash-4.png","E:\Linxi_Production_Archive\source_assets\effects\claw_slash\processed_silver\claw_slash-4.png","18162","412CCA1380634523DF724AF2014912EB1416C5B547507FC58C810F81F808B2CA"
"effects/claw_slash/processed_silver/claw_slash-5.png","E:\Linxi_Production_Archive\source_assets\effects\claw_slash\processed_silver\claw_slash-5.png","21920","A48DA6FE3A2381C2C86BA61E83FA79069B736B30CEE09EB11A94CD044F6D1665"
"effects/claw_slash/processed_silver/claw_slash-6.png","E:\Linxi_Production_Archive\source_assets\effects\claw_slash\processed_silver\claw_slash-6.png","10917","B231AB3B8FC36E759F1F752FDFB682B06B000D5BBC84EC92AE85ED1A12BB45D9"
"effects/claw_slash/processed_silver/pipeline-meta.json","E:\Linxi_Production_Archive\source_assets\effects\claw_slash\processed_silver\pipeline-meta.json","3921","830D78C362BB50A3C189D47D96238CACE26E65E470569CD1356055F1690AE052"
"effects/claw_slash/processed_silver/raw-sheet-clean.png","E:\Linxi_Production_Archive\source_assets\effects\claw_slash\processed_silver\raw-sheet-clean.png","138713","0858036CEF33E89A54DCFFF24F1BBD637A766B2F1A0AFA60027D0E09C802A116"
"effects/claw_slash/processed_silver/raw-sheet.png","E:\Linxi_Production_Archive\source_assets\effects\claw_slash\processed_silver\raw-sheet.png","1321171","60485423FFE14C95DA4009175A84B7CF575BCB79DBB110BBF4DC745FC1BA970F"
"effects/claw_slash/processed_silver/sheet-transparent.png","E:\Linxi_Production_Archive\source_assets\effects\claw_slash\processed_silver\sheet-transparent.png","89566","B5115D07BBFA8C911BF51803195A62C4FA6EA425B852AEE8E495D7BFC66DDDA4"
"effects/virus_liquid_ground_spread/prompt-used.txt","E:\Linxi_Production_Archive\source_assets\effects\virus_liquid_ground_spread\prompt-used.txt","630","BE8431518821867B81937F355853280872F112AA59EBDF1C43EA2377E57BA4EC"
"effects/virus_liquid_ground_spread/raw-sheet.png","E:\Linxi_Production_Archive\source_assets\effects\virus_liquid_ground_spread\raw-sheet.png","1164505","AD935EE478DB9B4B9A23BD1DFCD37EAEC148A3C7158275C6D631EB069D93FEA0"
"effects/virus_liquid_ground_spread/processed/animation.gif","E:\Linxi_Production_Archive\source_assets\effects\virus_liquid_ground_spread\processed\animation.gif","29186","152AF24EA4AADBC15839F7BA653730A1BB8230DB926FAA0A250CB4F9A458DFB4"
"effects/virus_liquid_ground_spread/processed/pipeline-meta.json","E:\Linxi_Production_Archive\source_assets\effects\virus_liquid_ground_spread\processed\pipeline-meta.json","2813","BB3AB58B5119A6786C34707DC69E33E61A974AC14DC12F231739CC6405D91A7D"
"effects/virus_liquid_ground_spread/processed/raw-sheet-clean.png","E:\Linxi_Production_Archive\source_assets\effects\virus_liquid_ground_spread\processed\raw-sheet-clean.png","355632","5552C40C4F5718343B186EFF1ADD0DC29597451CD147F3E6689286AEEA8E0BA4"
"effects/virus_liquid_ground_spread/processed/raw-sheet.png","E:\Linxi_Production_Archive\source_assets\effects\virus_liquid_ground_spread\processed\raw-sheet.png","1322875","4621B5092BF38DE78E56EAD88EF5A7B211E6029DE1071D1719D9801CBBDD1A8D"
"effects/virus_liquid_ground_spread/processed/sheet-transparent.png","E:\Linxi_Production_Archive\source_assets\effects\virus_liquid_ground_spread\processed\sheet-transparent.png","98330","C6FBC4861D91F6037D0BE9D3F14D12D86E0245F9D575EF4FCC4279EED1FABCF9"
"effects/virus_liquid_ground_spread/processed/spread-1.png","E:\Linxi_Production_Archive\source_assets\effects\virus_liquid_ground_spread\processed\spread-1.png","10679","45DF8308AF9C5E7FF1AD315E6694B179447E2D68E48EF7C6CB70D5D1A67DE755"
"effects/virus_liquid_ground_spread/processed/spread-2.png","E:\Linxi_Production_Archive\source_assets\effects\virus_liquid_ground_spread\processed\spread-2.png","27692","9A976B811BE85FA22D310C73F377800A3355941F6D8115C71FDE3C54DFB3A98A"
"effects/virus_liquid_ground_spread/processed/spread-3.png","E:\Linxi_Production_Archive\source_assets\effects\virus_liquid_ground_spread\processed\spread-3.png","35880","6087FEBA4F63E78CA7DFCF95DC4AB4CC03639D6BEBC9793F3ADDFC9B05D219D3"
"effects/virus_liquid_ground_spread/processed/spread-4.png","E:\Linxi_Production_Archive\source_assets\effects\virus_liquid_ground_spread\processed\spread-4.png","26679","817D3319777E9A831FFF2265A45D31DAEB7AE4D666D32AC5D03248A5158B6B43"
"effects/virus_mist_hit/prompt-used.txt","E:\Linxi_Production_Archive\source_assets\effects\virus_mist_hit\prompt-used.txt","587","4C4D4B7F05F4CB6DF82F5BDB61A539179172B4403E1A132633BB13916BC28C0C"
"effects/virus_mist_hit/raw-sheet.png","E:\Linxi_Production_Archive\source_assets\effects\virus_mist_hit\raw-sheet.png","1382817","40137874621CA31FBA4A9E26C3A30E9CEE625C5CA41B752D8323918677419AD1"
"effects/virus_mist_hit/processed/animation.gif","E:\Linxi_Production_Archive\source_assets\effects\virus_mist_hit\processed\animation.gif","52029","CAE87D6D6701F1F29B92D77416CA0C6AD384DEF13CC7D6E957ABE22C9D647B94"
"effects/virus_mist_hit/processed/mist-1.png","E:\Linxi_Production_Archive\source_assets\effects\virus_mist_hit\processed\mist-1.png","18181","9A831033BC6280A8F544BA4EC3337E1F384504B7B9B30DD52611382316CEC93B"
"effects/virus_mist_hit/processed/mist-2.png","E:\Linxi_Production_Archive\source_assets\effects\virus_mist_hit\processed\mist-2.png","66152","0D50746068D4297E0021F97DFA0F31BD211D164E2A5AAA8232F55B9107D3D71F"
"effects/virus_mist_hit/processed/mist-3.png","E:\Linxi_Production_Archive\source_assets\effects\virus_mist_hit\processed\mist-3.png","81176","06E7CD157E34E22F0E097DDB16FA010E8EFEBF7A5024D1D10DF2CCD175D47B15"
"effects/virus_mist_hit/processed/mist-4.png","E:\Linxi_Production_Archive\source_assets\effects\virus_mist_hit\processed\mist-4.png","11106","4C308A0884AE51489886F9C958B244B3E6DBA943EBB5B5560EA3C83BE663970B"
"effects/virus_mist_hit/processed/pipeline-meta.json","E:\Linxi_Production_Archive\source_assets\effects\virus_mist_hit\processed\pipeline-meta.json","2784","FFF27BB94CA14E126D1BE28EFEAE73012B4312D1FFE86FFEBE50705E9E5FE2CA"
"effects/virus_mist_hit/processed/raw-sheet-clean.png","E:\Linxi_Production_Archive\source_assets\effects\virus_mist_hit\processed\raw-sheet-clean.png","504723","596CB65BEE2AD4631009AA1BB61B4BA95EB39482B2B9CC20472D1D31937BCEF3"
"effects/virus_mist_hit/processed/raw-sheet.png","E:\Linxi_Production_Archive\source_assets\effects\virus_mist_hit\processed\raw-sheet.png","1610240","88A525767A17DEF761AA389A0FE68C9467241B730AD83C67E5DCC59CD5788E5C"
"effects/virus_mist_hit/processed/sheet-transparent.png","E:\Linxi_Production_Archive\source_assets\effects\virus_mist_hit\processed\sheet-transparent.png","176999","AD4811482F0AA66D563F8BFD28D363FF4062464E58EFD526C1CFF940C2FC9932"
"enemies/human_guard/hit_reaction/prompt-used.txt","E:\Linxi_Production_Archive\source_assets\enemies\human_guard\hit_reaction\prompt-used.txt","757","25D09498E7DB511EEF20BE0619474979C7B75DC61D872F095101512E0BECF873"
"enemies/human_guard/hit_reaction/raw-sheet.png","E:\Linxi_Production_Archive\source_assets\enemies\human_guard\hit_reaction\raw-sheet.png","1467758","DB3903D9CF2EFCF9CBF1091A15AFAC24229AAF5C88417E44A95F889E71ACE63C"
"enemies/human_guard/hit_reaction/processed/animation.gif","E:\Linxi_Production_Archive\source_assets\enemies\human_guard\hit_reaction\processed\animation.gif","74911","872049DB02692204F064B240329693DF9CE9B11CA2841C0242044DC17563921F"
"enemies/human_guard/hit_reaction/processed/hit-1.png","E:\Linxi_Production_Archive\source_assets\enemies\human_guard\hit_reaction\processed\hit-1.png","53919","B882B33DA8F4BF5BEDE5B6948630154A70EDEBF1CE4CDAAA111C465FFAB43BF0"
"enemies/human_guard/hit_reaction/processed/hit-2.png","E:\Linxi_Production_Archive\source_assets\enemies\human_guard\hit_reaction\processed\hit-2.png","44213","306E2FA35961F14F8E11534629E82717BCC49A8C7B283B80ACA30ABE0F2BA46E"
"enemies/human_guard/hit_reaction/processed/hit-3.png","E:\Linxi_Production_Archive\source_assets\enemies\human_guard\hit_reaction\processed\hit-3.png","37448","1616E441BE7DD4FBC90E48245BFBFB7566A75E852395F0117B5697D29C453FEA"
"enemies/human_guard/hit_reaction/processed/hit-4.png","E:\Linxi_Production_Archive\source_assets\enemies\human_guard\hit_reaction\processed\hit-4.png","44978","70BFDE8E3E00E11463CC1C000D4F4E79D737F5643C279C0645D09D298A7857AC"
"enemies/human_guard/hit_reaction/processed/pipeline-meta.json","E:\Linxi_Production_Archive\source_assets\enemies\human_guard\hit_reaction\processed\pipeline-meta.json","3055","2EF192024C470AD14DDDD8941CB1456B3DA945EDF373AFE71F4563F17AB946D3"
"enemies/human_guard/hit_reaction/processed/raw-sheet-clean.png","E:\Linxi_Production_Archive\source_assets\enemies\human_guard\hit_reaction\processed\raw-sheet-clean.png","694619","290C90A2678B1F2D75AECA50C029E1B2F7AB6955FD62400940C92D6261F03D52"
"enemies/human_guard/hit_reaction/processed/raw-sheet.png","E:\Linxi_Production_Archive\source_assets\enemies\human_guard\hit_reaction\processed\raw-sheet.png","1645985","FC109E1B6E10B3F37481CF77AFFB687F1D8813CEB98713495494A5E7D2646DD2"
"enemies/human_guard/hit_reaction/processed/sheet-transparent.png","E:\Linxi_Production_Archive\source_assets\enemies\human_guard\hit_reaction\processed\sheet-transparent.png","168610","8559809650AD23066379624BDE74BE795695F847C6EAE45C1F8D02E6214CBEBE"
"enemies/human_student/derived_runtime_v1/left_00.png","E:\Linxi_Production_Archive\source_assets\enemies\human_student\derived_runtime_v1\left_00.png","2329","49195D901C4D505FE6CFE083BF01A367633F723C518F63FA8922BFA775148455"
"enemies/human_student/derived_runtime_v1/left_01.png","E:\Linxi_Production_Archive\source_assets\enemies\human_student\derived_runtime_v1\left_01.png","2388","9E1E4784B52DC5FFC0A7F7C79F864B3942449C8DEC5491035F373BBB2AFABFD1"
"enemies/human_student/derived_runtime_v1/left_02.png","E:\Linxi_Production_Archive\source_assets\enemies\human_student\derived_runtime_v1\left_02.png","2152","EEBEEF443F307432553BAF50BACA138EC152DA89F4F8C9442EE51C22363E6D2D"
"enemies/human_student/derived_runtime_v1/left_03.png","E:\Linxi_Production_Archive\source_assets\enemies\human_student\derived_runtime_v1\left_03.png","2233","03C2EE04BBACBAF118CE46893CA3773A64AAC7912891C4123F88E100AAF34443"
"enemies/human_student/derived_runtime_v1/left_04.png","E:\Linxi_Production_Archive\source_assets\enemies\human_student\derived_runtime_v1\left_04.png","2253","E7BC768859638487F3BD87B9449AD22300D9E00E35D4392AD011A4066201E15D"
"enemies/human_student/derived_runtime_v1/left_05.png","E:\Linxi_Production_Archive\source_assets\enemies\human_student\derived_runtime_v1\left_05.png","2405","754151BD005735C950E95BC859B895B6466AE29E2BAA1B763D68A352D062E392"
"enemies/human_student/derived_runtime_v1/left_06.png","E:\Linxi_Production_Archive\source_assets\enemies\human_student\derived_runtime_v1\left_06.png","2260","C60AEC440FC26E71BF86A73D31A39EECA06EC6FA8DDC7478C1F5E806F4648BB5"
"enemies/human_student/derived_runtime_v1/left_07.png","E:\Linxi_Production_Archive\source_assets\enemies\human_student\derived_runtime_v1\left_07.png","2301","0819691FA8BF21C24669A19D5EF2B2518FFB1FE45F20289779EA571948ED9B85"
"enemies/human_student/derived_runtime_v1/README.md","E:\Linxi_Production_Archive\source_assets\enemies\human_student\derived_runtime_v1\README.md","272","FAFD04928CA4D26DA778705084D12CE2DB1BDE6147FA8EB803A0F260B99AE97D"
"enemies/human_student/derived_runtime_v1/right_00.png","E:\Linxi_Production_Archive\source_assets\enemies\human_student\derived_runtime_v1\right_00.png","2343","02B5FF0C5538A2B84E0ADA1A49D8C36EC677240217F8960D39B4301BDF85BB48"
"enemies/human_student/derived_runtime_v1/right_01.png","E:\Linxi_Production_Archive\source_assets\enemies\human_student\derived_runtime_v1\right_01.png","2391","CA74B154ABD724273851F6D1267B92F8CD7C4D245056121FD41E39295F8ABFAE"
"enemies/human_student/derived_runtime_v1/right_02.png","E:\Linxi_Production_Archive\source_assets\enemies\human_student\derived_runtime_v1\right_02.png","2152","36BF643B0CF542EC64D274977C69BF7CC247BD36404B4E8B49CB27D89300284F"
"enemies/human_student/derived_runtime_v1/right_03.png","E:\Linxi_Production_Archive\source_assets\enemies\human_student\derived_runtime_v1\right_03.png","2238","B3258A21AA92C07D192E56E0BE2E17DF61006A57D64ACEEB9D0143B0EFFBCE36"
"enemies/human_student/derived_runtime_v1/right_04.png","E:\Linxi_Production_Archive\source_assets\enemies\human_student\derived_runtime_v1\right_04.png","2259","C0AC53FB01C6A4194F3087C1BEE48E86141D33460C97DA86266C0866C151BCCE"
"enemies/human_student/derived_runtime_v1/right_05.png","E:\Linxi_Production_Archive\source_assets\enemies\human_student\derived_runtime_v1\right_05.png","2407","2332630A69154C83ED2F1B374BCE207CEEB6A77192893A96EE6857DADABBB5FC"
"enemies/human_student/derived_runtime_v1/right_06.png","E:\Linxi_Production_Archive\source_assets\enemies\human_student\derived_runtime_v1\right_06.png","2217","1235878F6A37DF6D2D628F728E86A070BC756C203BACCE137FAD25E4FBF5CBCA"
"enemies/human_student/derived_runtime_v1/right_07.png","E:\Linxi_Production_Archive\source_assets\enemies\human_student\derived_runtime_v1\right_07.png","2285","200CE1578CB7CF81461A237AEE347E829704CF5D4AB43A962940D475B88B64D5"
"enemies/human_student/derived_runtime_v1/sheet-transparent.png","E:\Linxi_Production_Archive\source_assets\enemies\human_student\derived_runtime_v1\sheet-transparent.png","12411","EB8A2DA2BFD3B830A2BE3A83BE7920F407B2F918ECD6098A70E7F81655326298"
"enemies/human_student/run/raw-sheet.png","E:\Linxi_Production_Archive\source_assets\enemies\human_student\run\raw-sheet.png","2352383","7E8163E6902566AAF45AAD102A21131D97388F2BA516AD410DF06851ED63F710"
"enemies/human_student/run/REJECTED.txt","E:\Linxi_Production_Archive\source_assets\enemies\human_student\run\REJECTED.txt","194","ECAC69555CE356DAA9121C3B484A8106B82A4FC1C15A2DCA00CC1EA309FD34B1"
"enemies/human_student/run/processed/animation.gif","E:\Linxi_Production_Archive\source_assets\enemies\human_student\run\processed\animation.gif","36438","83FF41ED64B4A03D91130AF8C2E6C4BAD666248C83DDA984442F8FDF1C59DB6F"
"enemies/human_student/run/processed/pipeline-meta.json","E:\Linxi_Production_Archive\source_assets\enemies\human_student\run\processed\pipeline-meta.json","5687","7BA2B4AA606B8A57DFA631AF29C8FADA4A91174F3D279A8AA266FFF3AEF7BF3C"
"enemies/human_student/run/processed/raw-sheet-clean.png","E:\Linxi_Production_Archive\source_assets\enemies\human_student\run\processed\raw-sheet-clean.png","2292461","4BDE0C676DAB1F23FD58C584EF92080C42B04034109AB10A88746EE834B80303"
"enemies/human_student/run/processed/raw-sheet.png","E:\Linxi_Production_Archive\source_assets\enemies\human_student\run\processed\raw-sheet.png","2292461","4BDE0C676DAB1F23FD58C584EF92080C42B04034109AB10A88746EE834B80303"
"enemies/human_student/run/processed/run-1.png","E:\Linxi_Production_Archive\source_assets\enemies\human_student\run\processed\run-1.png","5438","6547ADDDB3251B88BC9E9941A9151AC8501C3E32C4DAC5CDA10CC840E71FB180"
"enemies/human_student/run/processed/run-2.png","E:\Linxi_Production_Archive\source_assets\enemies\human_student\run\processed\run-2.png","10444","FC61820A0C9C784D757168C2599149974E86FAB60EDED8CE5BE0474910927EF1"
"enemies/human_student/run/processed/run-3.png","E:\Linxi_Production_Archive\source_assets\enemies\human_student\run\processed\run-3.png","10168","2637FDC383D04054F5018FB70E1108EBE0A6BA5DAF10CFEFD8DABF3CF6C9875D"
"enemies/human_student/run/processed/run-4.png","E:\Linxi_Production_Archive\source_assets\enemies\human_student\run\processed\run-4.png","5263","F22946C8CAA1BBF33E7456DA41CC4684469B3BF10E5E27BB0BBF4AD09C4B36E1"
"enemies/human_student/run/processed/run-5.png","E:\Linxi_Production_Archive\source_assets\enemies\human_student\run\processed\run-5.png","5795","F6B4A092DE79ED9DB978493CC63E44A336E384369EC1DAEB6C9FB49D47B7A74D"
"enemies/human_student/run/processed/run-6.png","E:\Linxi_Production_Archive\source_assets\enemies\human_student\run\processed\run-6.png","8007","A6BD6D094F3BF63F925EDFDC29488504F6CEA6983AC98418882DED79F281F3B5"
"enemies/human_student/run/processed/run-7.png","E:\Linxi_Production_Archive\source_assets\enemies\human_student\run\processed\run-7.png","8437","7A88ED912D324E2D14E9F48991719860B70DAB891A26929C178B9F2066AB0065"
"enemies/human_student/run/processed/run-8.png","E:\Linxi_Production_Archive\source_assets\enemies\human_student\run\processed\run-8.png","5937","C05008619241B5D5BE4620C281C37B05191A863632DBA8279A7F6A10CD6DB76A"
"enemies/human_student/run/processed/sheet-transparent.png","E:\Linxi_Production_Archive\source_assets\enemies\human_student\run\processed\sheet-transparent.png","57977","276F6040C6A1A72F7F2AD4E1D4C49BA56B61CC0455AEC7F0EA9E65FAFC390BA5"
"enemies/human_student/run_v2_plain_student/raw-sheet.png","E:\Linxi_Production_Archive\source_assets\enemies\human_student\run_v2_plain_student\raw-sheet.png","2352383","7E8163E6902566AAF45AAD102A21131D97388F2BA516AD410DF06851ED63F710"
"enemies/human_student/run_v2_plain_student/processed/animation.gif","E:\Linxi_Production_Archive\source_assets\enemies\human_student\run_v2_plain_student\processed\animation.gif","36438","83FF41ED64B4A03D91130AF8C2E6C4BAD666248C83DDA984442F8FDF1C59DB6F"
"enemies/human_student/run_v2_plain_student/processed/pipeline-meta.json","E:\Linxi_Production_Archive\source_assets\enemies\human_student\run_v2_plain_student\processed\pipeline-meta.json","5704","7A88D6AE6BB341AC28883FA4A07FF7166AC966E1EE9BCF47F2D1136EF99881E0"
"enemies/human_student/run_v2_plain_student/processed/raw-sheet-clean.png","E:\Linxi_Production_Archive\source_assets\enemies\human_student\run_v2_plain_student\processed\raw-sheet-clean.png","2292461","4BDE0C676DAB1F23FD58C584EF92080C42B04034109AB10A88746EE834B80303"
"enemies/human_student/run_v2_plain_student/processed/raw-sheet.png","E:\Linxi_Production_Archive\source_assets\enemies\human_student\run_v2_plain_student\processed\raw-sheet.png","2292461","4BDE0C676DAB1F23FD58C584EF92080C42B04034109AB10A88746EE834B80303"
"enemies/human_student/run_v2_plain_student/processed/run-1.png","E:\Linxi_Production_Archive\source_assets\enemies\human_student\run_v2_plain_student\processed\run-1.png","5438","6547ADDDB3251B88BC9E9941A9151AC8501C3E32C4DAC5CDA10CC840E71FB180"
"enemies/human_student/run_v2_plain_student/processed/run-2.png","E:\Linxi_Production_Archive\source_assets\enemies\human_student\run_v2_plain_student\processed\run-2.png","10444","FC61820A0C9C784D757168C2599149974E86FAB60EDED8CE5BE0474910927EF1"
"enemies/human_student/run_v2_plain_student/processed/run-3.png","E:\Linxi_Production_Archive\source_assets\enemies\human_student\run_v2_plain_student\processed\run-3.png","10168","2637FDC383D04054F5018FB70E1108EBE0A6BA5DAF10CFEFD8DABF3CF6C9875D"
"enemies/human_student/run_v2_plain_student/processed/run-4.png","E:\Linxi_Production_Archive\source_assets\enemies\human_student\run_v2_plain_student\processed\run-4.png","5263","F22946C8CAA1BBF33E7456DA41CC4684469B3BF10E5E27BB0BBF4AD09C4B36E1"
"enemies/human_student/run_v2_plain_student/processed/run-5.png","E:\Linxi_Production_Archive\source_assets\enemies\human_student\run_v2_plain_student\processed\run-5.png","5795","F6B4A092DE79ED9DB978493CC63E44A336E384369EC1DAEB6C9FB49D47B7A74D"
"enemies/human_student/run_v2_plain_student/processed/run-6.png","E:\Linxi_Production_Archive\source_assets\enemies\human_student\run_v2_plain_student\processed\run-6.png","8007","A6BD6D094F3BF63F925EDFDC29488504F6CEA6983AC98418882DED79F281F3B5"
"enemies/human_student/run_v2_plain_student/processed/run-7.png","E:\Linxi_Production_Archive\source_assets\enemies\human_student\run_v2_plain_student\processed\run-7.png","8437","7A88ED912D324E2D14E9F48991719860B70DAB891A26929C178B9F2066AB0065"
"enemies/human_student/run_v2_plain_student/processed/run-8.png","E:\Linxi_Production_Archive\source_assets\enemies\human_student\run_v2_plain_student\processed\run-8.png","5937","C05008619241B5D5BE4620C281C37B05191A863632DBA8279A7F6A10CD6DB76A"
"enemies/human_student/run_v2_plain_student/processed/sheet-transparent.png","E:\Linxi_Production_Archive\source_assets\enemies\human_student\run_v2_plain_student\processed\sheet-transparent.png","57977","276F6040C6A1A72F7F2AD4E1D4C49BA56B61CC0455AEC7F0EA9E65FAFC390BA5"
"enemies/human_student/run_v3_user_clipboard_female/ACCEPTED_CANDIDATE.txt","E:\Linxi_Production_Archive\source_assets\enemies\human_student\run_v3_user_clipboard_female\ACCEPTED_CANDIDATE.txt","475","C50086DFAC89DFAE5E35408741042FEA4956F27A5EBAF95A3A8230DA5F221542"
"enemies/human_student/run_v3_user_clipboard_female/raw-sheet.png","E:\Linxi_Production_Archive\source_assets\enemies\human_student\run_v3_user_clipboard_female\raw-sheet.png","1964525","006632AEA8403B8EF06C6EF2D26A000916A564CDFD1B4F17445436B3A80F826E"
"enemies/human_student/run_v3_user_clipboard_female/processed/animation.gif","E:\Linxi_Production_Archive\source_assets\enemies\human_student\run_v3_user_clipboard_female\processed\animation.gif","30424","836DDF865EDECEA776D6108F05353C7B0EDC2023D4C169194B3485B10638D3AC"
"enemies/human_student/run_v3_user_clipboard_female/processed/pipeline-meta.json","E:\Linxi_Production_Archive\source_assets\enemies\human_student\run_v3_user_clipboard_female\processed\pipeline-meta.json","5505","118B333E30327DACC8E7EE673C9A6D1F068E507306FE822D750C27F80504EF42"
"enemies/human_student/run_v3_user_clipboard_female/processed/raw-sheet-clean.png","E:\Linxi_Production_Archive\source_assets\enemies\human_student\run_v3_user_clipboard_female\processed\raw-sheet-clean.png","698153","AED0816EADE3EDCCA3A7EE073CB11D0237362179115D847300CB81284B03326A"
"enemies/human_student/run_v3_user_clipboard_female/processed/raw-sheet.png","E:\Linxi_Production_Archive\source_assets\enemies\human_student\run_v3_user_clipboard_female\processed\raw-sheet.png","1703175","73BF7ED3334907BA97CE92D61F1417A93B987ADF638903770271842EB326E86C"
"enemies/human_student/run_v3_user_clipboard_female/processed/run-1.png","E:\Linxi_Production_Archive\source_assets\enemies\human_student\run_v3_user_clipboard_female\processed\run-1.png","9329","F7DCC28FE2D628ABA6AA629459C8F062FE1736CA2B05EF04D05E0197724CA689"
"enemies/human_student/run_v3_user_clipboard_female/processed/run-2.png","E:\Linxi_Production_Archive\source_assets\enemies\human_student\run_v3_user_clipboard_female\processed\run-2.png","11452","0090990291C03F453FBA18C4F91D4B8DFA362121CD6BC836C26CD1533D4DC110"
"enemies/human_student/run_v3_user_clipboard_female/processed/run-3.png","E:\Linxi_Production_Archive\source_assets\enemies\human_student\run_v3_user_clipboard_female\processed\run-3.png","11420","BDB9554667FFCD9D3E419E1FAC32FBB609AAA320DE399F7E1CF743B0A083D3F8"
"enemies/human_student/run_v3_user_clipboard_female/processed/run-4.png","E:\Linxi_Production_Archive\source_assets\enemies\human_student\run_v3_user_clipboard_female\processed\run-4.png","11304","22602C78AE60B67FAF12FD5056619C7CF6EC125664DE40DE3E8793015FEED773"
"enemies/human_student/run_v3_user_clipboard_female/processed/run-5.png","E:\Linxi_Production_Archive\source_assets\enemies\human_student\run_v3_user_clipboard_female\processed\run-5.png","11288","F9A9C2D1C50F4728BDD1FAB4D25FFD1BC3F555AA49CA6C0EB1E5EF1220452541"
"enemies/human_student/run_v3_user_clipboard_female/processed/run-6.png","E:\Linxi_Production_Archive\source_assets\enemies\human_student\run_v3_user_clipboard_female\processed\run-6.png","10580","B7C3DF2D79587C068EA8E294890B9B7DC1F591B38640D74D4E61B650AF524938"
"enemies/human_student/run_v3_user_clipboard_female/processed/run-7.png","E:\Linxi_Production_Archive\source_assets\enemies\human_student\run_v3_user_clipboard_female\processed\run-7.png","11439","76C12E20E65108AD220DFC468F91AFD7DF1FA3522E8195F8ADD9FBDBC3622B63"
"enemies/human_student/run_v3_user_clipboard_female/processed/run-8.png","E:\Linxi_Production_Archive\source_assets\enemies\human_student\run_v3_user_clipboard_female\processed\run-8.png","9591","03FD821B5FBEF74E9041FE08AE7827830379378256E07D277AD0A8E469B3FFEB"
"enemies/human_student/run_v3_user_clipboard_female/processed/sheet-transparent.png","E:\Linxi_Production_Archive\source_assets\enemies\human_student\run_v3_user_clipboard_female\processed\sheet-transparent.png","76701","C5B88AF6F5A9E180B66DE93344EDBA01C0C78D5D1887A1EF6DF262C42820768D"
"enemies/human_student/run_v3_user_clipboard_male/ACCEPTED.txt","E:\Linxi_Production_Archive\source_assets\enemies\human_student\run_v3_user_clipboard_male\ACCEPTED.txt","559","64997AF2495BAAF018DE15815BC188F8823095D2540ACBC5B4C7BB9C4EE0A508"
"enemies/human_student/run_v3_user_clipboard_male/raw-sheet.png","E:\Linxi_Production_Archive\source_assets\enemies\human_student\run_v3_user_clipboard_male\raw-sheet.png","1981896","BE4DB3077AD5759441FB79718BA90C5CD70E7A7AAB06194D328D4D76C4C6A533"
"enemies/human_student/run_v3_user_clipboard_male/processed/animation.gif","E:\Linxi_Production_Archive\source_assets\enemies\human_student\run_v3_user_clipboard_male\processed\animation.gif","38006","D08D41C2273EA4E07A6264C2681639DBA8D95DAEFB4013B92EC9677D375F97B2"
"enemies/human_student/run_v3_user_clipboard_male/processed/pipeline-meta.json","E:\Linxi_Production_Archive\source_assets\enemies\human_student\run_v3_user_clipboard_male\processed\pipeline-meta.json","5531","8E9FFBE67E8E3ADD64B1AFA72723FA94C85737FC80B02E6526602C04715A7814"
"enemies/human_student/run_v3_user_clipboard_male/processed/raw-sheet-clean.png","E:\Linxi_Production_Archive\source_assets\enemies\human_student\run_v3_user_clipboard_male\processed\raw-sheet-clean.png","757540","6DEBC24111FAD2FC7DD526A28F209673BF4AE10FD408399B15420B80BC95F117"
"enemies/human_student/run_v3_user_clipboard_male/processed/raw-sheet.png","E:\Linxi_Production_Archive\source_assets\enemies\human_student\run_v3_user_clipboard_male\processed\raw-sheet.png","1714197","BE04C525F0D918DF08F595D99DF47D6B2B5FA57165B7B3856E24FD62D7813E18"
"enemies/human_student/run_v3_user_clipboard_male/processed/run-1.png","E:\Linxi_Production_Archive\source_assets\enemies\human_student\run_v3_user_clipboard_male\processed\run-1.png","14372","76158CE4E8553C765549B63D6FC13E8E904C977D173018A796BFD33B5850A52D"
"enemies/human_student/run_v3_user_clipboard_male/processed/run-2.png","E:\Linxi_Production_Archive\source_assets\enemies\human_student\run_v3_user_clipboard_male\processed\run-2.png","12786","FEACB05F8F5CCB5B0C1A3307454CAA6D569D109724D4192402A1D15237400FB2"
"enemies/human_student/run_v3_user_clipboard_male/processed/run-3.png","E:\Linxi_Production_Archive\source_assets\enemies\human_student\run_v3_user_clipboard_male\processed\run-3.png","13480","82A9FD1D199CF655B54B5FFAB7C6F04BFEBC958A5A0056935A6409C8FD685AF1"
"enemies/human_student/run_v3_user_clipboard_male/processed/run-4.png","E:\Linxi_Production_Archive\source_assets\enemies\human_student\run_v3_user_clipboard_male\processed\run-4.png","12817","A61DF163020F513F94208DCBBBD25056D4A22863219AF936C1FE95B2F33C98F1"
"enemies/human_student/run_v3_user_clipboard_male/processed/run-5.png","E:\Linxi_Production_Archive\source_assets\enemies\human_student\run_v3_user_clipboard_male\processed\run-5.png","12758","ADC9A5FA8705761B394AED828DAEA9E1F6DF5F7C70D70C949F4089F0B12C0D23"
"enemies/human_student/run_v3_user_clipboard_male/processed/run-6.png","E:\Linxi_Production_Archive\source_assets\enemies\human_student\run_v3_user_clipboard_male\processed\run-6.png","13211","886BFFBE331C34E1485BF2FF559A21A831178BDA116A0C978B308994499DFDCA"
"enemies/human_student/run_v3_user_clipboard_male/processed/run-7.png","E:\Linxi_Production_Archive\source_assets\enemies\human_student\run_v3_user_clipboard_male\processed\run-7.png","12690","BF42D9990A544C8698EB5516C17BA125A0BDB65B0360D11F235679AFE802F597"
"enemies/human_student/run_v3_user_clipboard_male/processed/run-8.png","E:\Linxi_Production_Archive\source_assets\enemies\human_student\run_v3_user_clipboard_male\processed\run-8.png","12330","612F578D7BB1351AB28008EEE3E2C2C323680C30CE676E3677E84D86F4A27E7F"
"enemies/human_student/run_v3_user_clipboard_male/processed/sheet-transparent.png","E:\Linxi_Production_Archive\source_assets\enemies\human_student\run_v3_user_clipboard_male\processed\sheet-transparent.png","93619","714C10FCF640C69496E0A093DF1068C22F38A8608C259756EDBB055A76CBE0FB"
"enemies/knocked_down_derived_v1/pipeline-meta.json","E:\Linxi_Production_Archive\source_assets\enemies\knocked_down_derived_v1\pipeline-meta.json","4392","49B06924CE4A5BF2873D028D650E058F332380E0188DF82DAB9865D844DA582F"
"enemies/knocked_down_derived_v1/README.md","E:\Linxi_Production_Archive\source_assets\enemies\knocked_down_derived_v1\README.md","290","DE16DC86AA23F7C56087944FEE5EAD8B0CD20DD3733FC168B74E1841ABF901EE"
"enemies/knocked_down_derived_v1/SUPERSEDED.txt","E:\Linxi_Production_Archive\source_assets\enemies\knocked_down_derived_v1\SUPERSEDED.txt","433","7C3F74F16636510EB86085CDBB2438B17C7B86FB55C69A83CF2AFCE5C38EE78C"
"enemies/knocked_down_generated_v2/female_student_left_00.png","E:\Linxi_Production_Archive\source_assets\enemies\knocked_down_generated_v2\female_student_left_00.png","15616","AEA5CA834CAD9A793A635595C4FE5D62B83A9D4AFA542BAE8B517C56C60D7030"
"enemies/knocked_down_generated_v2/female_student_right_00.png","E:\Linxi_Production_Archive\source_assets\enemies\knocked_down_generated_v2\female_student_right_00.png","15624","20126E7D5ECC85BFA75EA67625B9674BD43DD430B565D63DFFDE2B1C1D33545B"
"enemies/knocked_down_generated_v2/guard_left_00.png","E:\Linxi_Production_Archive\source_assets\enemies\knocked_down_generated_v2\guard_left_00.png","18290","2B30DFE2BF91FB5C0A3E53D197F3546F6F42580E6AFEB8BAB0A67B429B3C8328"
"enemies/knocked_down_generated_v2/guard_right_00.png","E:\Linxi_Production_Archive\source_assets\enemies\knocked_down_generated_v2\guard_right_00.png","18486","F46308A8097597CDE50F28A9D74A3048B1970E49F9B82E83572F491F65E7B536"
"enemies/knocked_down_generated_v2/human_male_left_00.png","E:\Linxi_Production_Archive\source_assets\enemies\knocked_down_generated_v2\human_male_left_00.png","17879","BEDB33F21CC116EFC9C1F19F4088B1124B2F00170C3B037D620F609FB4291AAF"
"enemies/knocked_down_generated_v2/human_male_right_00.png","E:\Linxi_Production_Archive\source_assets\enemies\knocked_down_generated_v2\human_male_right_00.png","17829","04702D0F1CD31859E24D3B81713195657EC4FCAC54D1F28C49B187C939737E50"
"enemies/knocked_down_generated_v2/pipeline-meta.json","E:\Linxi_Production_Archive\source_assets\enemies\knocked_down_generated_v2\pipeline-meta.json","763","7623D7AFDA4D312C35CF3A53CB909EEF8AA95AB668F78A9E56791F85346B7014"
"enemies/knocked_down_generated_v2/raw_knocked_down_pose_sheet.png","E:\Linxi_Production_Archive\source_assets\enemies\knocked_down_generated_v2\raw_knocked_down_pose_sheet.png","2352383","7E8163E6902566AAF45AAD102A21131D97388F2BA516AD410DF06851ED63F710"
"enemies/knocked_down_generated_v2/README.md","E:\Linxi_Production_Archive\source_assets\enemies\knocked_down_generated_v2\README.md","507","C0D8E45DDD1288671FB785A5E12C95A54B2EF0E92351B5A299C43186B14BAAFC"
"enemies/knocked_down_generated_v2/REJECTED.txt","E:\Linxi_Production_Archive\source_assets\enemies\knocked_down_generated_v2\REJECTED.txt","427","272F8FB70ACE41045F502F6C41A3A992E31C36F3909CAF390C4BF95791511BC1"
"enemies/knocked_down_generated_v2/zombie_alt_left_00.png","E:\Linxi_Production_Archive\source_assets\enemies\knocked_down_generated_v2\zombie_alt_left_00.png","16633","4FE9161FD2965C170B546ABABE667570C9528F1694D01EFA12C59979C44B28EA"
"enemies/knocked_down_generated_v2/zombie_alt_right_00.png","E:\Linxi_Production_Archive\source_assets\enemies\knocked_down_generated_v2\zombie_alt_right_00.png","16553","78555BB368D326E6168EE249DF736AC23E633CF14197709370E49E5FF026086F"
"enemies/knocked_down_user_approved_v3/ACCEPTED.txt","E:\Linxi_Production_Archive\source_assets\enemies\knocked_down_user_approved_v3\ACCEPTED.txt","549","4A7C040107918F8419CB232B681055ED55BFF03FEF3EF7664423165A5657FC25"
"enemies/knocked_down_user_approved_v3/female_student_0_left_00.png","E:\Linxi_Production_Archive\source_assets\enemies\knocked_down_user_approved_v3\female_student_0_left_00.png","34068","AF4E49E9B324C7ADAE1E589978E91AD109289B2696F0A60E526BFB60B6263A0F"
"enemies/knocked_down_user_approved_v3/female_student_0_right_00.png","E:\Linxi_Production_Archive\source_assets\enemies\knocked_down_user_approved_v3\female_student_0_right_00.png","34195","9E15F50559E0CFF6264B956208574CEC84C7867F59FDE80A9BF91BF5EF23C7F1"
"enemies/knocked_down_user_approved_v3/female_student_1_left_00.png","E:\Linxi_Production_Archive\source_assets\enemies\knocked_down_user_approved_v3\female_student_1_left_00.png","30199","A3E8631218772F6FD5CCECE9A6E181837F2F6E999D40303014A7272A1DA028B1"
"enemies/knocked_down_user_approved_v3/female_student_1_right_00.png","E:\Linxi_Production_Archive\source_assets\enemies\knocked_down_user_approved_v3\female_student_1_right_00.png","30333","1003AE2CB6639FAA2F1A458E8DE89D18F4309315827819ECD17B219F58B68097"
"enemies/knocked_down_user_approved_v3/guard_left_00.png","E:\Linxi_Production_Archive\source_assets\enemies\knocked_down_user_approved_v3\guard_left_00.png","39172","A162D4AFE0C56263AD0F5E2F19FF6712EE7CAF3D6E07D51762711194BF963F50"
"enemies/knocked_down_user_approved_v3/guard_right_00.png","E:\Linxi_Production_Archive\source_assets\enemies\knocked_down_user_approved_v3\guard_right_00.png","39262","04D57C2DA0E36ECA617BFE6CBB6418F6484FB83F1EC8F7D5F75EC36AB6B9E785"
"enemies/knocked_down_user_approved_v3/human_male_left_00.png","E:\Linxi_Production_Archive\source_assets\enemies\knocked_down_user_approved_v3\human_male_left_00.png","38957","016990D23F14C65F1655A0EA6A91FF0D0D378D627E8B7545F337DC83D0EB4545"
"enemies/knocked_down_user_approved_v3/human_male_right_00.png","E:\Linxi_Production_Archive\source_assets\enemies\knocked_down_user_approved_v3\human_male_right_00.png","38949","3A974486A2DF1361DB4F0BE324ADC0FE1AE06ACE6E15593748607707AD396028"
"enemies/knocked_down_user_approved_v3/pipeline-meta.json","E:\Linxi_Production_Archive\source_assets\enemies\knocked_down_user_approved_v3\pipeline-meta.json","988","9C90AA0795E8BF785F9C5A0573B3DEFD3D712C235DFF7B8A133D04A8BE078361"
"enemies/knocked_down_user_approved_v3/raw_knocked_down_pose_sheet.png","E:\Linxi_Production_Archive\source_assets\enemies\knocked_down_user_approved_v3\raw_knocked_down_pose_sheet.png","1373934","21EE3A637AA4E5E3FF0158DF1BE392E3DFD6D3C1B558CCF404EB896202ED51E9"
"enemies/knocked_down_user_approved_v3/README.md","E:\Linxi_Production_Archive\source_assets\enemies\knocked_down_user_approved_v3\README.md","868","56B52FB4779D9FA4628ACA62A47BADF8A0ED053A05AF87CCE59D420DF33C41EB"
"enemies/zombie_student/appearance_variants/prompt-used.txt","E:\Linxi_Production_Archive\source_assets\enemies\zombie_student\appearance_variants\prompt-used.txt","1201","43E86D3F0A5472A7A3D648582DA55BAD6EB2D3945C2563C2D0537968140B6BCA"
"enemies/zombie_student/appearance_variants/raw-sheet.png","E:\Linxi_Production_Archive\source_assets\enemies\zombie_student\appearance_variants\raw-sheet.png","1432903","0BD1B9805A7ADB4B31356EB41A08712908393FD6ABE42ED76A8F8E68B2CB66E2"
"enemies/zombie_student/appearance_variants/processed/animation.gif","E:\Linxi_Production_Archive\source_assets\enemies\zombie_student\appearance_variants\processed\animation.gif","51589","B731FD8F5F63C335EE39AA2149FC3D22FE875E72E7C6EC869E4DA700280504E3"
"enemies/zombie_student/appearance_variants/processed/pipeline-meta.json","E:\Linxi_Production_Archive\source_assets\enemies\zombie_student\appearance_variants\processed\pipeline-meta.json","3091","28090E073B97D1E59C648B1BC3C037ED5818CFF3ACC512592AC81F533B2EF0C0"
"enemies/zombie_student/appearance_variants/processed/raw-sheet-clean.png","E:\Linxi_Production_Archive\source_assets\enemies\zombie_student\appearance_variants\processed\raw-sheet-clean.png","621052","610E9BC9C16B044D84F89B681D22E3F400C6074AE43B953EC528569DD128BFD8"
"enemies/zombie_student/appearance_variants/processed/raw-sheet.png","E:\Linxi_Production_Archive\source_assets\enemies\zombie_student\appearance_variants\processed\raw-sheet.png","1610854","362FDA2853174640BF449B4054E3462AF08F9A537D4D51EC29E73A1F1D65CB8F"
"enemies/zombie_student/appearance_variants/processed/sheet-transparent.png","E:\Linxi_Production_Archive\source_assets\enemies\zombie_student\appearance_variants\processed\sheet-transparent.png","133222","B98A55EEE7E2176CBA03AEBFC51D5270C380559EE6AFD4BB2AA43F7BA25DDD99"
"enemies/zombie_student/appearance_variants/processed/variant-1.png","E:\Linxi_Production_Archive\source_assets\enemies\zombie_student\appearance_variants\processed\variant-1.png","34495","C6F1955CFF5AFF85E13CA411938B21DB9D14550F6D5983FF1E612669C2A2C2B9"
"enemies/zombie_student/appearance_variants/processed/variant-2.png","E:\Linxi_Production_Archive\source_assets\enemies\zombie_student\appearance_variants\processed\variant-2.png","34766","B426549B2C04264D958508CF955EB884C211E1744F9C3D59617E6038493E82F1"
"enemies/zombie_student/appearance_variants/processed/variant-3.png","E:\Linxi_Production_Archive\source_assets\enemies\zombie_student\appearance_variants\processed\variant-3.png","38025","5B11DBE7C176E259E6229EC0C8FF30EAA82A3F19DC2662DB7AC574B44465E5DB"
"enemies/zombie_student/appearance_variants/processed/variant-4.png","E:\Linxi_Production_Archive\source_assets\enemies\zombie_student\appearance_variants\processed\variant-4.png","37012","D4D47779878E5F651C7A8E20D8469CDB9C274BBB9D701F02543ACEDEA1A733A8"
"enemies/zombie_student/hit_reaction/prompt-used.txt","E:\Linxi_Production_Archive\source_assets\enemies\zombie_student\hit_reaction\prompt-used.txt","800","5932426A4B2550A58B1B52574BEB47637AEE33FF74426910B63F50603CBF57FE"
"enemies/zombie_student/hit_reaction/raw-sheet.png","E:\Linxi_Production_Archive\source_assets\enemies\zombie_student\hit_reaction\raw-sheet.png","1496865","C5D44ED9511170C1F32235A11DD5EDB8D871216982E1BAC81CDF4B4FD1D7DB22"
"enemies/zombie_student/hit_reaction/processed/animation.gif","E:\Linxi_Production_Archive\source_assets\enemies\zombie_student\hit_reaction\processed\animation.gif","64425","5784BEF9A2E60EA5854A4847771247A2B353F5C939ACAFF2E4F88B8B20107D2A"
"enemies/zombie_student/hit_reaction/processed/hit-1.png","E:\Linxi_Production_Archive\source_assets\enemies\zombie_student\hit_reaction\processed\hit-1.png","41173","C02B4A85A2962F52A9C22DF43393963983D6BA0CA6FECB17D9961045C132BEEB"
"enemies/zombie_student/hit_reaction/processed/hit-2.png","E:\Linxi_Production_Archive\source_assets\enemies\zombie_student\hit_reaction\processed\hit-2.png","44585","F3815EB9856D1494BFCAACE3D0090BEFBE03FF02E55B6F372157EAC8575E2A0E"
"enemies/zombie_student/hit_reaction/processed/hit-3.png","E:\Linxi_Production_Archive\source_assets\enemies\zombie_student\hit_reaction\processed\hit-3.png","38717","B7E689825464CF6386B7FAB9FC8167D14F31F3E9D6AE8E4013CFFA5538AF1DD7"
"enemies/zombie_student/hit_reaction/processed/hit-4.png","E:\Linxi_Production_Archive\source_assets\enemies\zombie_student\hit_reaction\processed\hit-4.png","41478","088168C1D6032A53B6AE74BAA5C66334172780C12BCCC362B2E53D0789847738"
"enemies/zombie_student/hit_reaction/processed/pipeline-meta.json","E:\Linxi_Production_Archive\source_assets\enemies\zombie_student\hit_reaction\processed\pipeline-meta.json","3066","BA44BED5AF2DFA9D1652BB810B44B7D8F5839CA4D4442DCF226545993874B29C"
"enemies/zombie_student/hit_reaction/processed/raw-sheet-clean.png","E:\Linxi_Production_Archive\source_assets\enemies\zombie_student\hit_reaction\processed\raw-sheet-clean.png","690420","74E23065DF8DBAE8D4CAE31AD6C1BF4F754ED13644D8759CD940826B71A693C4"
"enemies/zombie_student/hit_reaction/processed/raw-sheet.png","E:\Linxi_Production_Archive\source_assets\enemies\zombie_student\hit_reaction\processed\raw-sheet.png","1683897","834C208A9E79BBEC2A7726A83B0F84055C305F91AF8F1D9CB7C02A09E4F2FBCF"
"enemies/zombie_student/hit_reaction/processed/sheet-transparent.png","E:\Linxi_Production_Archive\source_assets\enemies\zombie_student\hit_reaction\processed\sheet-transparent.png","154202","D17C22DEBD2AED81100B227A8F62E3D8156DDF7AF241DF613FBBC5D2A86FCB5D"
"fiction/末世灾厄-都市篇 (1).txt","E:\Linxi_Production_Archive\source_assets\fiction\末世灾厄-都市篇 (1).txt","758205","5A59399E9BEEB3A51D42263917E4C6DA6A159F9820CCAA0B6A50AAAB63577275"
"opening_human/TheoraConverterDotNet.log","E:\Linxi_Production_Archive\source_assets\opening_human\TheoraConverterDotNet.log","900","BF24D254A3BEAE5A0C35486728DF0B82759FA08BC895F4CAB566A644E4BA8149"
"opening_human/bordered_originals/human_back_hd.png","E:\Linxi_Production_Archive\source_assets\opening_human\bordered_originals\human_back_hd.png","732877","41E1251F5DF8B6C840A588EAAD4BCBC3998D1475D931AC05BB65980F2C96A47B"
"opening_human/bordered_originals/human_closeup_hd.png","E:\Linxi_Production_Archive\source_assets\opening_human\bordered_originals\human_closeup_hd.png","949529","F1A26700A058D4D0842D034D1D691036C57EFC00EA0097A8E3CE20F818C556B2"
"opening_human/bordered_originals/human_front_hd.png","E:\Linxi_Production_Archive\source_assets\opening_human\bordered_originals\human_front_hd.png","723292","58D13628F3F0D448D156D80F5DCBBDF3B1A6993A32D38094A92DA1B1D34E3679"
"opening_human/bordered_originals/human_side_hd.png","E:\Linxi_Production_Archive\source_assets\opening_human\bordered_originals\human_side_hd.png","762903","152DDC8555C2DAD7669738A3E5553C69C88680173EC74062741971AB82808AE6"
"opening_human/mp4_sources/image__00001.ogv","E:\Linxi_Production_Archive\source_assets\opening_human\mp4_sources\image__00001.ogv","334275","1F796064DEE8719855DF0F9479C31BAB3DDF4A09A9588DD6F0AF71B1D71F2228"
"opening_human/mp4_sources/image__00002.ogv","E:\Linxi_Production_Archive\source_assets\opening_human\mp4_sources\image__00002.ogv","351285","C53381C5F3760245D65EE3EC178E34F9777CDBF34111AEA147D3BB5BF9F5C407"
"opening_human/mp4_sources/image__00003.ogv","E:\Linxi_Production_Archive\source_assets\opening_human\mp4_sources\image__00003.ogv","597841","7B77C91F6E4CA45DFFCBDED495E8C0D05B7228015D1A4831607E9D7E2B02E1CC"
"opening_human/mp4_sources/image__00004.ogv","E:\Linxi_Production_Archive\source_assets\opening_human\mp4_sources\image__00004.ogv","283888","6E6E0EF2266A564A69CABD9C115DE53C5CDBB5388665FA7DB8B35D2E8A9C7818"
"opening_human/mp4_sources/image__00007.ogv","E:\Linxi_Production_Archive\source_assets\opening_human\mp4_sources\image__00007.ogv","241833","CCB2C59C111DD551B452B8A9BA694702CCDA6F5FC3C0200FD052E5AFD4218FCF"
"red_night/backgrounds/fall_site_school.png","E:\Linxi_Production_Archive\source_assets\red_night\backgrounds\fall_site_school.png","2148995","B3AEC59122DE6E8FDB21549FFF12AB9DFA00C45CB118F2EDA4D235E32B3A147B"
"red_night/backgrounds/fall_site_school.prompt.txt","E:\Linxi_Production_Archive\source_assets\red_night\backgrounds\fall_site_school.prompt.txt","799","3A069C2FF5AEE0CA54B150981E03F5D26B9DB833559286D9496B9319C25E22B3"
"red_night/backgrounds/school_exterior_ultrawide.png","E:\Linxi_Production_Archive\source_assets\red_night\backgrounds\school_exterior_ultrawide.png","2162172","5B00EF11B0728AA84E1727A3393B1C7A261802FA69989A16AADAB7AF20B1BDF4"
"red_night/backgrounds/school_exterior_ultrawide.prompt.txt","E:\Linxi_Production_Archive\source_assets\red_night\backgrounds\school_exterior_ultrawide.prompt.txt","1780","1778FC04C4605A1AEDD75F10EFC0DB3318EC33842075C5338DA7F05E9287410E"
"red_night/backgrounds/school_exterior_ultrawide_v1_incomplete_right.png","E:\Linxi_Production_Archive\source_assets\red_night\backgrounds\school_exterior_ultrawide_v1_incomplete_right.png","2162172","5B00EF11B0728AA84E1727A3393B1C7A261802FA69989A16AADAB7AF20B1BDF4"
"red_night/backgrounds/school_exterior_ultrawide_v2_balanced.png","E:\Linxi_Production_Archive\source_assets\red_night\backgrounds\school_exterior_ultrawide_v2_balanced.png","2279236","5A70102958693D6A456BD0C47F7BCE1D9529BF0BF45614AB8D4A9A63D9607881"
"red_night/backgrounds/school_exterior_ultrawide_v2_balanced.prompt.txt","E:\Linxi_Production_Archive\source_assets\red_night\backgrounds\school_exterior_ultrawide_v2_balanced.prompt.txt","2057","A8F9F467FE08D1FCDAB7E8B1FB37FC2763E958A9B6D7042A0B2687270A5D5DD8"
"red_night/backgrounds/school_exterior_ultrawide_v3_stitched.png","E:\Linxi_Production_Archive\source_assets\red_night\backgrounds\school_exterior_ultrawide_v3_stitched.png","2193443","3887AFC78428B74C1F6080AF08203AB0AA5FEB995C9913D1E73675CC3702A4D6"
"red_night/backgrounds/school_to_dorm_connector.png","E:\Linxi_Production_Archive\source_assets\red_night\backgrounds\school_to_dorm_connector.png","2243819","2ABBDB849F333D1D1354A520F9511CC9113B528F45992542E8251616F32C483C"
"red_night/backgrounds/school_to_dorm_connector.prompt.txt","E:\Linxi_Production_Archive\source_assets\red_night\backgrounds\school_to_dorm_connector.prompt.txt","1644","C80D0CE47A7A814E00B62C07DB36109D867EB5691AECCE3215CCDE253F467509"
"red_night/characters/linxi_standup_collapse_brief.md","E:\Linxi_Production_Archive\source_assets\red_night\characters\linxi_standup_collapse_brief.md","1147","2405C3859978802DFD9491B0D95EA1DF19DA2619D761CE05CF5F05E9718B09A5"
"red_night/characters/linxi_drink_blue/prompt-used.txt","E:\Linxi_Production_Archive\source_assets\red_night\characters\linxi_drink_blue\prompt-used.txt","1346","1CBBA0881290A68D0003C5C5117A8CBFAD0EFC4D855D44B124734F383CF2E398"
"red_night/characters/linxi_drink_blue/raw-sheet.png","E:\Linxi_Production_Archive\source_assets\red_night\characters\linxi_drink_blue\raw-sheet.png","1981122","43F65E6D83983FF111A6B00A6A3C17D4CD8E551CD01DE65E64CDB7AC749CD510"
"red_night/characters/linxi_drink_blue/processed/animation.gif","E:\Linxi_Production_Archive\source_assets\red_night\characters\linxi_drink_blue\processed\animation.gif","168271","B3723C58603365C1A62F766CF215FEE1B38EE77AFFCEE84E3DC109F950CA6AD4"
"red_night/characters/linxi_drink_blue/processed/drink_blue-1.png","E:\Linxi_Production_Archive\source_assets\red_night\characters\linxi_drink_blue\processed\drink_blue-1.png","71171","D12CC076DB2A8C97BB512E37368B6E32A7799D6899A7B58D52FD92C1C3BE8D6D"
"red_night/characters/linxi_drink_blue/processed/drink_blue-2.png","E:\Linxi_Production_Archive\source_assets\red_night\characters\linxi_drink_blue\processed\drink_blue-2.png","76408","B23914B54C77A219E4CA2CB0D98E84F18280E156D9490C33489CE856DED687B3"
"red_night/characters/linxi_drink_blue/processed/drink_blue-3.png","E:\Linxi_Production_Archive\source_assets\red_night\characters\linxi_drink_blue\processed\drink_blue-3.png","72612","BAAAB8A185A51743800659A370EA8C68C26D91EE2045FB05D13168DFFEFCDF0D"
"red_night/characters/linxi_drink_blue/processed/drink_blue-4.png","E:\Linxi_Production_Archive\source_assets\red_night\characters\linxi_drink_blue\processed\drink_blue-4.png","76440","0A0CE531CB2E8B5BF2A796EEDE8ADA016898046A2FFC5713A51E84AA81100ECA"
"red_night/characters/linxi_drink_blue/processed/drink_blue-5.png","E:\Linxi_Production_Archive\source_assets\red_night\characters\linxi_drink_blue\processed\drink_blue-5.png","78395","19976CAA7F4F1DC252DD824943464A1179BDC11BAE397F524A741A34B5925ECA"
"red_night/characters/linxi_drink_blue/processed/drink_blue-6.png","E:\Linxi_Production_Archive\source_assets\red_night\characters\linxi_drink_blue\processed\drink_blue-6.png","73294","DDDD48BD8E308C03AA2E6B8340282CC78475FDD10565A057AB24FDCEDE0C979D"
"red_night/characters/linxi_drink_blue/processed/pipeline-meta.json","E:\Linxi_Production_Archive\source_assets\red_night\characters\linxi_drink_blue\processed\pipeline-meta.json","3922","16C36F8D64B615F4845DC5FD8E446AD8AADCC4B23625A400E7D77765ED92704C"
"red_night/characters/linxi_drink_blue/processed/prompt-used.txt","E:\Linxi_Production_Archive\source_assets\red_night\characters\linxi_drink_blue\processed\prompt-used.txt","1347","922CB20B62189FDA6AB4E1F1387962DD91F063BAEB8DDC5F17D90DB29A595724"
"red_night/characters/linxi_drink_blue/processed/raw-sheet-clean.png","E:\Linxi_Production_Archive\source_assets\red_night\characters\linxi_drink_blue\processed\raw-sheet-clean.png","1084975","BC7ECDFE0E5B3FB71AC1375DF0CB7FB09DF72CF59F349E813C7702894DFE6E46"
"red_night/characters/linxi_drink_blue/processed/raw-sheet.png","E:\Linxi_Production_Archive\source_assets\red_night\characters\linxi_drink_blue\processed\raw-sheet.png","2027791","776178D65587AD42B7BDE1BF22C09F5266EB07E8BC5D2026F5E725B12E14AC3C"
"red_night/characters/linxi_drink_blue/processed/sheet-transparent.png","E:\Linxi_Production_Archive\source_assets\red_night\characters\linxi_drink_blue\processed\sheet-transparent.png","427366","7572CBDD77AD62CC3A959E2938B5768567EFC68339FC52DDA656B05703505FF9"
"red_night/characters/linxi_get_up/raw-sheet-v2-safe-margin.png","E:\Linxi_Production_Archive\source_assets\red_night\characters\linxi_get_up\raw-sheet-v2-safe-margin.png","1431522","AD24EF2DF94F0477F342BC21F4AC9B7FD76A7A3362AD6F9F8293674FD5B118D8"
"red_night/characters/linxi_get_up/raw-sheet.png","E:\Linxi_Production_Archive\source_assets\red_night\characters\linxi_get_up\raw-sheet.png","1651300","ED49B1EE59FB3FED340FE44741C985046B634797499E7A8642008EEF04F09E8A"
"red_night/characters/linxi_get_up/processed/animation.gif","E:\Linxi_Production_Archive\source_assets\red_night\characters\linxi_get_up\processed\animation.gif","103643","1973939A5136EFD6D29696A8EDA1EDD6CF49462792EBE9D3ED77E241C40C2A3E"
"red_night/characters/linxi_get_up/processed/get_up-1.png","E:\Linxi_Production_Archive\source_assets\red_night\characters\linxi_get_up\processed\get_up-1.png","43616","FCFF01A9896E1543D73F891DC65CE9D77D780E35CB01F673DBC5155CF3A59230"
"red_night/characters/linxi_get_up/processed/get_up-2.png","E:\Linxi_Production_Archive\source_assets\red_night\characters\linxi_get_up\processed\get_up-2.png","45229","0EA15C0C9641A91898425E42D91D80E7A05DE93375DA84971FFA692B2ECCB7DB"
"red_night/characters/linxi_get_up/processed/get_up-3.png","E:\Linxi_Production_Archive\source_assets\red_night\characters\linxi_get_up\processed\get_up-3.png","46177","4262AEA05B8F417C975E7555530BCFC0AC9CA5D5C5040DB6E064EF7A847D65A3"
"red_night/characters/linxi_get_up/processed/get_up-4.png","E:\Linxi_Production_Archive\source_assets\red_night\characters\linxi_get_up\processed\get_up-4.png","47389","84E24B9274914638175FFE7E8D96196BEE24FEB392B5EB99F2638D4905E9C9B3"
"red_night/characters/linxi_get_up/processed/get_up-5.png","E:\Linxi_Production_Archive\source_assets\red_night\characters\linxi_get_up\processed\get_up-5.png","48830","A3BA68FA8579E867332AA99C13629236600AC75DFDF1C538849F3C6136C2E76C"
"red_night/characters/linxi_get_up/processed/get_up-6.png","E:\Linxi_Production_Archive\source_assets\red_night\characters\linxi_get_up\processed\get_up-6.png","47530","657F91A1CCBC6351E5617B418210F013D5AD0D336519D4FBEE5660CD6681DD9F"
"red_night/characters/linxi_get_up/processed/pipeline-meta.json","E:\Linxi_Production_Archive\source_assets\red_night\characters\linxi_get_up\processed\pipeline-meta.json","3934","684E2491F569C5E3B6BFC55FBF6F558A382816C0F8B6DFE86B00FE4595F42BB4"
"red_night/characters/linxi_get_up/processed/raw-sheet-clean.png","E:\Linxi_Production_Archive\source_assets\red_night\characters\linxi_get_up\processed\raw-sheet-clean.png","675133","3307138DF5C1C8B77DF26611FE69497E967EF0C7CB363B0FF395DE9089D5A005"
"red_night/characters/linxi_get_up/processed/raw-sheet.png","E:\Linxi_Production_Archive\source_assets\red_night\characters\linxi_get_up\processed\raw-sheet.png","1626592","02F3FCF2E8CBB434E4ABF0476521032EF61B9E63C0AF7764BFC00175C80E245C"
"red_night/characters/linxi_get_up/processed/sheet-transparent.png","E:\Linxi_Production_Archive\source_assets\red_night\characters\linxi_get_up\processed\sheet-transparent.png","266267","698C85DBB902B6A7CDDC837D7927B2037B624A18F40055CF7F4BC8BB969EE45F"
"red_night/characters/linxi_get_up/processed_v2_safe_margin/animation.gif","E:\Linxi_Production_Archive\source_assets\red_night\characters\linxi_get_up\processed_v2_safe_margin\animation.gif","98032","E5D91DC211AE9DF888FF3E7CF91741322BBD5EB910931407A604C09191D9377C"
"red_night/characters/linxi_get_up/processed_v2_safe_margin/get_up-1.png","E:\Linxi_Production_Archive\source_assets\red_night\characters\linxi_get_up\processed_v2_safe_margin\get_up-1.png","40849","F7EBACD55AC79FF85B99C587321F60970AE864924EFB7B5DE3DBD96F6103C098"
"red_night/characters/linxi_get_up/processed_v2_safe_margin/get_up-2.png","E:\Linxi_Production_Archive\source_assets\red_night\characters\linxi_get_up\processed_v2_safe_margin\get_up-2.png","42981","9151E485D905F08AE20284CEB96D58995E8012AA88C01689DAFAC454C97E3BFD"
"red_night/characters/linxi_get_up/processed_v2_safe_margin/get_up-3.png","E:\Linxi_Production_Archive\source_assets\red_night\characters\linxi_get_up\processed_v2_safe_margin\get_up-3.png","44390","27CD457E3D9381C7D27F831E8ED5520AA51CA3F17F33AD217EEA5F2489964444"
"red_night/characters/linxi_get_up/processed_v2_safe_margin/get_up-4.png","E:\Linxi_Production_Archive\source_assets\red_night\characters\linxi_get_up\processed_v2_safe_margin\get_up-4.png","45362","1FCEF7CC5177F9B46951218F2CE371DEF2680A5A26B3F6905AF847612350C4BC"
"red_night/characters/linxi_get_up/processed_v2_safe_margin/get_up-5.png","E:\Linxi_Production_Archive\source_assets\red_night\characters\linxi_get_up\processed_v2_safe_margin\get_up-5.png","47725","A1C3B63EE7FA9C177E06AA6505783B9CF66387F992F95C2C1AED2206B21C057B"
"red_night/characters/linxi_get_up/processed_v2_safe_margin/get_up-6.png","E:\Linxi_Production_Archive\source_assets\red_night\characters\linxi_get_up\processed_v2_safe_margin\get_up-6.png","47322","0380C28C813431BD84B969B744C951179CAC4628F8CFE22195409D9C709B674E"
"red_night/characters/linxi_get_up/processed_v2_safe_margin/pipeline-meta.json","E:\Linxi_Production_Archive\source_assets\red_night\characters\linxi_get_up\processed_v2_safe_margin\pipeline-meta.json","3913","9A1A0E3586B7CA0A45603EC9E02989B1EB1B8993F90CC7F8531D50B520031485"
"red_night/characters/linxi_get_up/processed_v2_safe_margin/raw-sheet-clean.png","E:\Linxi_Production_Archive\source_assets\red_night\characters\linxi_get_up\processed_v2_safe_margin\raw-sheet-clean.png","294510","2C2A8998E044C45EF24B4607B92438084F52CEC685496A35524498ED0757FBE7"
"red_night/characters/linxi_get_up/processed_v2_safe_margin/raw-sheet.png","E:\Linxi_Production_Archive\source_assets\red_night\characters\linxi_get_up\processed_v2_safe_margin\raw-sheet.png","1326339","40D631D64DC9FDE817C7F871B7DD907B3EF00DF43FF34DE740629490B51EFEE3"
"red_night/characters/linxi_get_up/processed_v2_safe_margin/sheet-transparent.png","E:\Linxi_Production_Archive\source_assets\red_night\characters\linxi_get_up\processed_v2_safe_margin\sheet-transparent.png","257991","6673803D07372618C613B384C98990455DE35380675F1A03E32A710469112133"
"red_night/cutscenes/classroom_chase.png","E:\Linxi_Production_Archive\source_assets\red_night\cutscenes\classroom_chase.png","1890989","9211E8CD7BC616FE8D64783C8D00713862142F0B2856342E8CC7CB5AF17C63A9"
"red_night/cutscenes/classroom_chase.prompt.txt","E:\Linxi_Production_Archive\source_assets\red_night\cutscenes\classroom_chase.prompt.txt","657","919C8F446CD2E4D09BE848233A1608EE50384706CABD24B4D28B37DD047F9B16"
"red_night/props/chopper_nebulizer/prompt-used.txt","E:\Linxi_Production_Archive\source_assets\red_night\props\chopper_nebulizer\prompt-used.txt","892","A55C83F9F62910EFF4AF0D84C94F3EBC2392B56B59A5E5154B26633930867157"
"red_night/props/chopper_nebulizer/prompt-v2-impact-pod.txt","E:\Linxi_Production_Archive\source_assets\red_night\props\chopper_nebulizer\prompt-v2-impact-pod.txt","1471","CAD02CA96F9E6D98C1DEBB59AF9AF903B22699933F55ADDC0513BF98D7DA8A0C"
"red_night/props/chopper_nebulizer/raw-sheet-v2-impact-pod.png","E:\Linxi_Production_Archive\source_assets\red_night\props\chopper_nebulizer\raw-sheet-v2-impact-pod.png","1807216","41E0F984D5D9C9D41B7DEE3085C74F887C33C51604344A63C9044DB523543EB2"
"red_night/props/chopper_nebulizer/raw-sheet.png","E:\Linxi_Production_Archive\source_assets\red_night\props\chopper_nebulizer\raw-sheet.png","1599724","B820B08048DAA7F71F9CBDCDA741FA1332F99665A496940CC1E82F75A0E289E2"
"red_night/props/chopper_nebulizer/drink_animation_clip_20260617/dropped_nebulizer_from_drink_frame.png","E:\Linxi_Production_Archive\source_assets\red_night\props\chopper_nebulizer\drink_animation_clip_20260617\dropped_nebulizer_from_drink_frame.png","19497","FE66E78F012DE71CDBCD057253B03366E48C8F09DC155E364D2ED255BBCCC33C"
"red_night/props/chopper_nebulizer/drink_animation_clip_20260617/runtime_scale_preview_old_left_new_right.png","E:\Linxi_Production_Archive\source_assets\red_night\props\chopper_nebulizer\drink_animation_clip_20260617\runtime_scale_preview_old_left_new_right.png","24113","2B4D373B51FB7E4D9C5F989B46F22120C6736B3BF609FD0C16F88D4E16C919A7"
"red_night/props/chopper_nebulizer/processed/animation.gif","E:\Linxi_Production_Archive\source_assets\red_night\props\chopper_nebulizer\processed\animation.gif","28384","B446F8E910466A03B937768CDD02036203A117DF6FAE6B133F84625540AA60D0"
"red_night/props/chopper_nebulizer/processed/pipeline-meta.json","E:\Linxi_Production_Archive\source_assets\red_night\props\chopper_nebulizer\processed\pipeline-meta.json","3068","92A6118667EA784B26F480BDF4811A96DE1239114CEE0DAB387C952924499A4E"
"red_night/props/chopper_nebulizer/processed/prompt-used.txt","E:\Linxi_Production_Archive\source_assets\red_night\props\chopper_nebulizer\processed\prompt-used.txt","893","C0AA25C1A49AFDF4B9AAA2EAEEB2AA364BAC12009A77AF0D4C109607EAD365DC"
"red_night/props/chopper_nebulizer/processed/prop_pack-1.png","E:\Linxi_Production_Archive\source_assets\red_night\props\chopper_nebulizer\processed\prop_pack-1.png","17043","6E2B5C0A7B192DF528306902C04CC4146CD24283FEF1EDD70258A8FB93562418"
"red_night/props/chopper_nebulizer/processed/prop_pack-2.png","E:\Linxi_Production_Archive\source_assets\red_night\props\chopper_nebulizer\processed\prop_pack-2.png","22016","318BDA77E58406E175A79D4F5E9926B27728034A6C2B08CAEACA44486334DEFC"
"red_night/props/chopper_nebulizer/processed/prop_pack-3.png","E:\Linxi_Production_Archive\source_assets\red_night\props\chopper_nebulizer\processed\prop_pack-3.png","18122","AB70909478FB6E2686738EE954B2DE34FB410571316F50B76AB1FA02356B4DCF"
"red_night/props/chopper_nebulizer/processed/prop_pack-4.png","E:\Linxi_Production_Archive\source_assets\red_night\props\chopper_nebulizer\processed\prop_pack-4.png","16809","4DDA572BC663B3BA2EBA4BFD044224D35F35DDA1DF8A9430877A5237EF204D7E"
"red_night/props/chopper_nebulizer/processed/raw-sheet-clean.png","E:\Linxi_Production_Archive\source_assets\red_night\props\chopper_nebulizer\processed\raw-sheet-clean.png","989534","F585CD01049F439180500D292E1F795F40F36CCBC613036F337A7EBF4094A4C6"
"red_night/props/chopper_nebulizer/processed/raw-sheet.png","E:\Linxi_Production_Archive\source_assets\red_night\props\chopper_nebulizer\processed\raw-sheet.png","1831487","0872856F1D6EBFDCF2C67D021DC1FF4CDE0518275307841531184B1F849E02FF"
"red_night/props/chopper_nebulizer/processed/sheet-transparent.png","E:\Linxi_Production_Archive\source_assets\red_night\props\chopper_nebulizer\processed\sheet-transparent.png","70818","B468DF54F227E6F78D8161147AB490EA5DA70A8D2581CA9B6132691546FF10C2"
"red_night/props/chopper_nebulizer/processed_v2_impact_pod/animation.gif","E:\Linxi_Production_Archive\source_assets\red_night\props\chopper_nebulizer\processed_v2_impact_pod\animation.gif","31027","73C0D3BE60C055543199A4ECC19B41F33D14786DB2D4979A9FBD0118082C5819"
"red_night/props/chopper_nebulizer/processed_v2_impact_pod/pipeline-meta.json","E:\Linxi_Production_Archive\source_assets\red_night\props\chopper_nebulizer\processed_v2_impact_pod\pipeline-meta.json","3082","97C3D9368F29ECE0EEB5B60172DE2AE607EC8CB363086714298EF203000B115F"
"red_night/props/chopper_nebulizer/processed_v2_impact_pod/prompt-used.txt","E:\Linxi_Production_Archive\source_assets\red_night\props\chopper_nebulizer\processed_v2_impact_pod\prompt-used.txt","1472","CD22554D54EDF04CC0BFB1FEF4BC7B4BC71268570EBAEC0D648C788126C27028"
"red_night/props/chopper_nebulizer/processed_v2_impact_pod/prop_pack-1.png","E:\Linxi_Production_Archive\source_assets\red_night\props\chopper_nebulizer\processed_v2_impact_pod\prop_pack-1.png","20673","8D561EE37E83FBBA0C085D0C54F075724668AA5185EAFAD2A4C308647927A375"
"red_night/props/chopper_nebulizer/processed_v2_impact_pod/prop_pack-2.png","E:\Linxi_Production_Archive\source_assets\red_night\props\chopper_nebulizer\processed_v2_impact_pod\prop_pack-2.png","26195","9491E19D1864448326692E165A580F7159EA53BDBA06F755238D58E84D50C90F"
"red_night/props/chopper_nebulizer/processed_v2_impact_pod/prop_pack-3.png","E:\Linxi_Production_Archive\source_assets\red_night\props\chopper_nebulizer\processed_v2_impact_pod\prop_pack-3.png","11311","B317E2D93B5366E7DA1CFD31F4A86C22268E6750A37F8FFB31104746ADF8C56F"
"red_night/props/chopper_nebulizer/processed_v2_impact_pod/prop_pack-4.png","E:\Linxi_Production_Archive\source_assets\red_night\props\chopper_nebulizer\processed_v2_impact_pod\prop_pack-4.png","24535","923490DEC0E6906FEFB831512E55148C766618DD30E54E3957B8A430F08FF234"
"red_night/props/chopper_nebulizer/processed_v2_impact_pod/raw-sheet-clean.png","E:\Linxi_Production_Archive\source_assets\red_night\props\chopper_nebulizer\processed_v2_impact_pod\raw-sheet-clean.png","1155772","98E5C2C6ABA838B817A9844D827362F5BE07B0CC618289977A406504BDA42CC2"
"red_night/props/chopper_nebulizer/processed_v2_impact_pod/raw-sheet.png","E:\Linxi_Production_Archive\source_assets\red_night\props\chopper_nebulizer\processed_v2_impact_pod\raw-sheet.png","2042408","DB6A26E8B28AB67B1738946DAC0F935B6F7B661E93847436E8FEE7FFDE82B74A"
"red_night/props/chopper_nebulizer/processed_v2_impact_pod/sheet-transparent.png","E:\Linxi_Production_Archive\source_assets\red_night\props\chopper_nebulizer\processed_v2_impact_pod\sheet-transparent.png","78169","A3913E8379E79CB9F2303C3A39E1598F2961ABD8074DFDB75A58F0FA4169BA79"
"red_night/props/story_items/generated_pack_20260617/REJECTED.txt","E:\Linxi_Production_Archive\source_assets\red_night\props\story_items\generated_pack_20260617\REJECTED.txt","751","8AE05F0312F3787E8B120CF393DD869A32518A4E9D2D1A545B6AB5E4733C182C"
"red_night/props/story_items/generated_pack_20260617/story_items_raw_pack.png","E:\Linxi_Production_Archive\source_assets\red_night\props\story_items\generated_pack_20260617\story_items_raw_pack.png","2352383","7E8163E6902566AAF45AAD102A21131D97388F2BA516AD410DF06851ED63F710"
"red_night/props/story_items/generated_pack_20260617/story_items_raw_pack_v2.png","E:\Linxi_Production_Archive\source_assets\red_night\props\story_items\generated_pack_20260617\story_items_raw_pack_v2.png","2352383","7E8163E6902566AAF45AAD102A21131D97388F2BA516AD410DF06851ED63F710"
"red_night/props/story_items/generated_pack_20260617/processed/animation.gif","E:\Linxi_Production_Archive\source_assets\red_night\props\story_items\generated_pack_20260617\processed\animation.gif","34702","B8EFF3B32CA0C42F693DD5F5C1E722747389FACE98802DBC646ACDFFC6AE6A0F"
"red_night/props/story_items/generated_pack_20260617/processed/pipeline-meta.json","E:\Linxi_Production_Archive\source_assets\red_night\props\story_items\generated_pack_20260617\processed\pipeline-meta.json","4085","F4B81462C457CC065045FA0B220AB0ED60936484C1BCD05C86247D18491214C5"
"red_night/props/story_items/generated_pack_20260617/processed/raw-sheet-clean.png","E:\Linxi_Production_Archive\source_assets\red_night\props\story_items\generated_pack_20260617\processed\raw-sheet-clean.png","2292461","4BDE0C676DAB1F23FD58C584EF92080C42B04034109AB10A88746EE834B80303"
"red_night/props/story_items/generated_pack_20260617/processed/raw-sheet.png","E:\Linxi_Production_Archive\source_assets\red_night\props\story_items\generated_pack_20260617\processed\raw-sheet.png","2292461","4BDE0C676DAB1F23FD58C584EF92080C42B04034109AB10A88746EE834B80303"
"red_night/props/story_items/generated_pack_20260617/processed/sheet-transparent.png","E:\Linxi_Production_Archive\source_assets\red_night\props\story_items\generated_pack_20260617\processed\sheet-transparent.png","56507","633F217F0A3014CC66AC58BD87CE7D676B725D3B4D65F274D6B060D39766F530"
"red_night/props/story_items/generated_pack_20260617/processed/story_item-1.png","E:\Linxi_Production_Archive\source_assets\red_night\props\story_items\generated_pack_20260617\processed\story_item-1.png","7827","5643C8484302FBE4DDF9FE8E29F4FCA678D4F50623681EDADEA7A7F4BB69F764"
"red_night/props/story_items/generated_pack_20260617/processed/story_item-2.png","E:\Linxi_Production_Archive\source_assets\red_night\props\story_items\generated_pack_20260617\processed\story_item-2.png","13958","AFF3116673DEC06ADD951DCE3635EBA8BCE1523C2EDE0C44E23D503D7C8DDE03"
"red_night/props/story_items/generated_pack_20260617/processed/story_item-3.png","E:\Linxi_Production_Archive\source_assets\red_night\props\story_items\generated_pack_20260617\processed\story_item-3.png","8022","BEA82536EAD64A0210487FD646F9E1E2784BFD33ED533C4D81468BD0DA249042"
"red_night/props/story_items/generated_pack_20260617/processed/story_item-4.png","E:\Linxi_Production_Archive\source_assets\red_night\props\story_items\generated_pack_20260617\processed\story_item-4.png","8895","31515076CCBDC776E37738AEA0A6112889F67D131B962F952E7485F713F90A6C"
"red_night/props/story_items/generated_pack_20260617/processed/story_item-5.png","E:\Linxi_Production_Archive\source_assets\red_night\props\story_items\generated_pack_20260617\processed\story_item-5.png","10056","D802FC7CB815C779A92365FC83B079E780B90C97BD062FEE93686F07807C2D0F"
"red_night/props/story_items/generated_pack_20260617/processed/story_item-6.png","E:\Linxi_Production_Archive\source_assets\red_night\props\story_items\generated_pack_20260617\processed\story_item-6.png","8649","1053C34458EC283D3114CC54E5B38D7BD842679559265E409F1EB79896E48C9D"
"red_night/props/story_items/generated_pack_20260617/processed_v2/animation.gif","E:\Linxi_Production_Archive\source_assets\red_night\props\story_items\generated_pack_20260617\processed_v2\animation.gif","35728","2AFE672D17D065ACA1E1F321360B68CA1D3E78739E0BECEF42E5F6D3B25B47C5"
"red_night/props/story_items/generated_pack_20260617/processed_v2/pipeline-meta.json","E:\Linxi_Production_Archive\source_assets\red_night\props\story_items\generated_pack_20260617\processed_v2\pipeline-meta.json","4113","3B3C00874D76AA58D71531473AE11C9402ABD568BDEF4525F265BA31F7B67545"
"red_night/props/story_items/generated_pack_20260617/processed_v2/raw-sheet-clean.png","E:\Linxi_Production_Archive\source_assets\red_night\props\story_items\generated_pack_20260617\processed_v2\raw-sheet-clean.png","2292461","4BDE0C676DAB1F23FD58C584EF92080C42B04034109AB10A88746EE834B80303"
"red_night/props/story_items/generated_pack_20260617/processed_v2/raw-sheet.png","E:\Linxi_Production_Archive\source_assets\red_night\props\story_items\generated_pack_20260617\processed_v2\raw-sheet.png","2292461","4BDE0C676DAB1F23FD58C584EF92080C42B04034109AB10A88746EE834B80303"
"red_night/props/story_items/generated_pack_20260617/processed_v2/red_night_prop-1.png","E:\Linxi_Production_Archive\source_assets\red_night\props\story_items\generated_pack_20260617\processed_v2\red_night_prop-1.png","8072","134E04DB2B61F55CF03A07C3AE69D6D9C59612ACE79ED7146866731E6A43F0DE"
"red_night/props/story_items/generated_pack_20260617/processed_v2/red_night_prop-2.png","E:\Linxi_Production_Archive\source_assets\red_night\props\story_items\generated_pack_20260617\processed_v2\red_night_prop-2.png","14512","810D4E38CBB98F2A99C7624CA7C9AA9BDE37B28036B3B5F29557BF91C9E1FCF3"
"red_night/props/story_items/generated_pack_20260617/processed_v2/red_night_prop-3.png","E:\Linxi_Production_Archive\source_assets\red_night\props\story_items\generated_pack_20260617\processed_v2\red_night_prop-3.png","8241","CEC2AB05F75F0DD7FB7A8673062CCB8DE751276E8141E93382D6A32D949261A5"
"red_night/props/story_items/generated_pack_20260617/processed_v2/red_night_prop-4.png","E:\Linxi_Production_Archive\source_assets\red_night\props\story_items\generated_pack_20260617\processed_v2\red_night_prop-4.png","9204","DCD126FE9B6A3724EF154C020E3F7F13A6729E3D441B3C6086B13F2BA95C4F37"
"red_night/props/story_items/generated_pack_20260617/processed_v2/red_night_prop-5.png","E:\Linxi_Production_Archive\source_assets\red_night\props\story_items\generated_pack_20260617\processed_v2\red_night_prop-5.png","10332","12D112492B779E95C01230D609FE3BEEA206BFC866A09A6664AD7AA09A7C9CD9"
"red_night/props/story_items/generated_pack_20260617/processed_v2/red_night_prop-6.png","E:\Linxi_Production_Archive\source_assets\red_night\props\story_items\generated_pack_20260617\processed_v2\red_night_prop-6.png","8953","2D89E40B204DF53B37C2F39CD2AE90F687914B66E8A6B5DACA3D8CCE6B3E2E0D"
"red_night/props/story_items/generated_pack_20260617/processed_v2/sheet-transparent.png","E:\Linxi_Production_Archive\source_assets\red_night\props\story_items\generated_pack_20260617\processed_v2\sheet-transparent.png","58273","F37227FD02DF1E52370DCE5650406A6DFBBBB6E8A79C5069CBC6463A8CA1DEA7"
"runtime_boundary_cleanup_20260618/moved_from_assets/MOVED_FILES.txt","E:\Linxi_Production_Archive\source_assets\runtime_boundary_cleanup_20260618\moved_from_assets\MOVED_FILES.txt","3649","AD85A9925088C13C60BD30E07E19065757E6B34F86695A47CF8BC0057F0CE1C4"
"runtime_boundary_cleanup_20260618/moved_from_assets/assets/effects/combat/virus_liquid_ground_spread/sheet-transparent.png","E:\Linxi_Production_Archive\source_assets\runtime_boundary_cleanup_20260618\moved_from_assets\assets\effects\combat\virus_liquid_ground_spread\sheet-transparent.png","97956","1342446D7A52344F842471913EE70381473768C3A5C5163F52A652462426B376"
"runtime_boundary_cleanup_20260618/moved_from_assets/assets/effects/combat/virus_liquid_ground_spread/sheet-transparent.png.import","E:\Linxi_Production_Archive\source_assets\runtime_boundary_cleanup_20260618\moved_from_assets\assets\effects\combat\virus_liquid_ground_spread\sheet-transparent.png.import","1004","4201FEF835A0243060121D4D6556C9EDBE80C943181670F7CA3EE4BCF669F5A1"
"runtime_boundary_cleanup_20260618/moved_from_assets/assets/effects/combat/virus_mist_hit/sheet-transparent.png","E:\Linxi_Production_Archive\source_assets\runtime_boundary_cleanup_20260618\moved_from_assets\assets\effects\combat\virus_mist_hit\sheet-transparent.png","175219","E0D66BDF57907424ABD225D4574861A9F981DA6B1342EEB1334D4658E7693DBC"
"runtime_boundary_cleanup_20260618/moved_from_assets/assets/effects/combat/virus_mist_hit/sheet-transparent.png.import","E:\Linxi_Production_Archive\source_assets\runtime_boundary_cleanup_20260618\moved_from_assets\assets\effects\combat\virus_mist_hit\sheet-transparent.png.import","992","BDAE7B168292D3074D13F6E7A9C182CE42F30A40F90061426F5EDD5BEB4C8434"
"runtime_boundary_cleanup_20260618/moved_from_assets/assets/props/red_night/chopper_nebulizer/nebulizer_sheet_transparent.png","E:\Linxi_Production_Archive\source_assets\runtime_boundary_cleanup_20260618\moved_from_assets\assets\props\red_night\chopper_nebulizer\nebulizer_sheet_transparent.png","78125","DEE85ADF96CE0E15C0B672B58DD60D6432C03751AC4C2F66771F4EC376AE04A3"
"runtime_boundary_cleanup_20260618/moved_from_assets/assets/props/red_night/chopper_nebulizer/nebulizer_sheet_transparent.png.import","E:\Linxi_Production_Archive\source_assets\runtime_boundary_cleanup_20260618\moved_from_assets\assets\props\red_night\chopper_nebulizer\nebulizer_sheet_transparent.png.import","1026","F56DEDFBDF68528565157A92FB8A64BA9852F5AF1FE0AB5CDD67BEEAD9A42636"
"runtime_boundary_cleanup_20260618/moved_from_assets/assets/props/red_night/story_items/story_items_contact_sheet.png","E:\Linxi_Production_Archive\source_assets\runtime_boundary_cleanup_20260618\moved_from_assets\assets\props\red_night\story_items\story_items_contact_sheet.png","27753","47EBC4F0B07CB4D7C99FFED6C170F48F4EFCC93B5463622D8FCC74D2180DF8D3"
"runtime_boundary_cleanup_20260618/moved_from_assets/assets/props/red_night/story_items/story_items_contact_sheet.png.import","E:\Linxi_Production_Archive\source_assets\runtime_boundary_cleanup_20260618\moved_from_assets\assets\props\red_night\story_items\story_items_contact_sheet.png.import","1014","433E84336AC4ACD23321969E91108B327F617F675676A4A9247087E62DEBA59F"
"runtime_boundary_cleanup_20260618/moved_from_assets/assets/sprites/enemies/spritesheet_knocked_down_contact.png","E:\Linxi_Production_Archive\source_assets\runtime_boundary_cleanup_20260618\moved_from_assets\assets\sprites\enemies\spritesheet_knocked_down_contact.png","138042","F40BCADDCA7D0CAF86348A93E5401CDEF6064EE954AADD36ECC588784AF8E389"
"runtime_boundary_cleanup_20260618/moved_from_assets/assets/sprites/enemies/spritesheet_knocked_down_contact.png.import","E:\Linxi_Production_Archive\source_assets\runtime_boundary_cleanup_20260618\moved_from_assets\assets\sprites\enemies\spritesheet_knocked_down_contact.png.import","1022","C00F962F5F1A067B41A22248D7294C6F19C2356FD4D12B14DE189162A3363E9D"
"runtime_boundary_cleanup_20260618/moved_from_assets/assets/sprites/enemies/human_guard/hit_reaction/sheet-transparent.png","E:\Linxi_Production_Archive\source_assets\runtime_boundary_cleanup_20260618\moved_from_assets\assets\sprites\enemies\human_guard\hit_reaction\sheet-transparent.png","168630","08B84BA7A910EB8ACA26082A460A0FA0CEB7686429DA5F6231B57B2EBF10294B"
"runtime_boundary_cleanup_20260618/moved_from_assets/assets/sprites/enemies/human_guard/hit_reaction/sheet-transparent.png.import","E:\Linxi_Production_Archive\source_assets\runtime_boundary_cleanup_20260618\moved_from_assets\assets\sprites\enemies\human_guard\hit_reaction\sheet-transparent.png.import","1003","C87EC05EB48414D4C313CDAE2727BB57F17622F257CE11D56E0137C1A42CE8A6"
"runtime_boundary_cleanup_20260618/moved_from_assets/assets/sprites/enemies/human_student/run/run_contact_sheet.png","E:\Linxi_Production_Archive\source_assets\runtime_boundary_cleanup_20260618\moved_from_assets\assets\sprites\enemies\human_student\run\run_contact_sheet.png","92696","55BF5EB02F17105254D0E0724BD06CAE0B59BE9765D8D29C2BE0A654DED7C054"
"runtime_boundary_cleanup_20260618/moved_from_assets/assets/sprites/enemies/human_student/run/run_contact_sheet.png.import","E:\Linxi_Production_Archive\source_assets\runtime_boundary_cleanup_20260618\moved_from_assets\assets\sprites\enemies\human_student\run\run_contact_sheet.png.import","996","914BE8C302F39938D2F99FE9519393510F0A3BA1DCE7764DFFC4E1B5EEF98E50"
"runtime_boundary_cleanup_20260618/moved_from_assets/assets/sprites/enemies/human_student/run/sheet-transparent.png","E:\Linxi_Production_Archive\source_assets\runtime_boundary_cleanup_20260618\moved_from_assets\assets\sprites\enemies\human_student\run\sheet-transparent.png","107545","3B29E814474F4A8EBEB50A0D41E3D1645EC36CAFF872F916B4BE87CB0BA339A8"
"runtime_boundary_cleanup_20260618/moved_from_assets/assets/sprites/enemies/human_student/run/sheet-transparent.png.import","E:\Linxi_Production_Archive\source_assets\runtime_boundary_cleanup_20260618\moved_from_assets\assets\sprites\enemies\human_student\run\sheet-transparent.png.import","996","F76FB45A72EC088A9DA3606B0B55B862362D5D7DFC496B9BBB2BC6AC736F213E"
"runtime_boundary_cleanup_20260618/moved_from_assets/assets/sprites/enemies/human_student/run_female/run_contact_sheet.png","E:\Linxi_Production_Archive\source_assets\runtime_boundary_cleanup_20260618\moved_from_assets\assets\sprites\enemies\human_student\run_female\run_contact_sheet.png","75024","0D34F921B56204D3063F9EDCBE80F219EFCF64EEA3302EAF952DD0530CD263F4"
"runtime_boundary_cleanup_20260618/moved_from_assets/assets/sprites/enemies/human_student/run_female/run_contact_sheet.png.import","E:\Linxi_Production_Archive\source_assets\runtime_boundary_cleanup_20260618\moved_from_assets\assets\sprites\enemies\human_student\run_female\run_contact_sheet.png.import","1002","0AA1E528E713C1AACCE715F96FD9C42C8C34D8D57C08D4034ADB029DFEF9F69F"
"runtime_boundary_cleanup_20260618/moved_from_assets/assets/sprites/enemies/human_student/run_female/sheet-transparent.png","E:\Linxi_Production_Archive\source_assets\runtime_boundary_cleanup_20260618\moved_from_assets\assets\sprites\enemies\human_student\run_female\sheet-transparent.png","88809","57DFD607BBF5DE4AAA91437C53E169E134CF59B9DE42297B1374D3EE1BF7891A"
"runtime_boundary_cleanup_20260618/moved_from_assets/assets/sprites/enemies/human_student/run_female/sheet-transparent.png.import","E:\Linxi_Production_Archive\source_assets\runtime_boundary_cleanup_20260618\moved_from_assets\assets\sprites\enemies\human_student\run_female\sheet-transparent.png.import","1003","566253C3AB900E3F069B0A472A6893D15F3BC433CD5BCB84EA37E1674A0F54C9"
"runtime_boundary_cleanup_20260618/moved_from_assets/assets/sprites/enemies/zombie_student/appearance_variants/sheet-transparent.png","E:\Linxi_Production_Archive\source_assets\runtime_boundary_cleanup_20260618\moved_from_assets\assets\sprites\enemies\zombie_student\appearance_variants\sheet-transparent.png","133100","7A8BE2756BA9FDB531A48C755484AD93FAE5562B2AE1407DF37855FF6438E366"
"runtime_boundary_cleanup_20260618/moved_from_assets/assets/sprites/enemies/zombie_student/appearance_variants/sheet-transparent.png.import","E:\Linxi_Production_Archive\source_assets\runtime_boundary_cleanup_20260618\moved_from_assets\assets\sprites\enemies\zombie_student\appearance_variants\sheet-transparent.png.import","1013","5AEFE50001E0FC33F9ED8F8A0BEEF9B2BC14D3D7471224185F4F8F5E2D2ED073"
"runtime_boundary_cleanup_20260618/moved_from_assets/assets/sprites/enemies/zombie_student/hit_reaction/sheet-transparent.png","E:\Linxi_Production_Archive\source_assets\runtime_boundary_cleanup_20260618\moved_from_assets\assets\sprites\enemies\zombie_student\hit_reaction\sheet-transparent.png","154195","C7136DE0D0722E7C3077DE2338B1DC29B740DC7C4745472E9B22E367CF9EAEE5"
"runtime_boundary_cleanup_20260618/moved_from_assets/assets/sprites/enemies/zombie_student/hit_reaction/sheet-transparent.png.import","E:\Linxi_Production_Archive\source_assets\runtime_boundary_cleanup_20260618\moved_from_assets\assets\sprites\enemies\zombie_student\hit_reaction\sheet-transparent.png.import","1005","4BFA904832356CDD1131532C1418E420ACD4F1261D93C65A1BC84172E3339270"
"runtime_boundary_cleanup_20260618/moved_from_assets/assets/sprites/linxi/t_early/claw_attack/sheet-transparent.png","E:\Linxi_Production_Archive\source_assets\runtime_boundary_cleanup_20260618\moved_from_assets\assets\sprites\linxi\t_early\claw_attack\sheet-transparent.png","215342","00E41D19E11367A061338620CC8A8DCA0F1F484AC3AFDAC2F8B1B39996BD81A2"
"runtime_boundary_cleanup_20260618/moved_from_assets/assets/sprites/linxi/t_early/claw_attack/sheet-transparent.png.import","E:\Linxi_Production_Archive\source_assets\runtime_boundary_cleanup_20260618\moved_from_assets\assets\sprites\linxi\t_early\claw_attack\sheet-transparent.png.import","996","7ECA3D8CE4A73350C984731C6B90D85AF5E97C33B86CE4FBE4877D3557990FE3"
"runtime_boundary_cleanup_20260618/moved_from_assets/assets/sprites/linxi/t_early/dodge/sheet-transparent.png","E:\Linxi_Production_Archive\source_assets\runtime_boundary_cleanup_20260618\moved_from_assets\assets\sprites\linxi\t_early\dodge\sheet-transparent.png","158915","61D24DE0D3EFF6076816B9B9A76397FCA536F6D2248CB3794E9AB3CA19F39C6B"
"runtime_boundary_cleanup_20260618/moved_from_assets/assets/sprites/linxi/t_early/dodge/sheet-transparent.png.import","E:\Linxi_Production_Archive\source_assets\runtime_boundary_cleanup_20260618\moved_from_assets\assets\sprites\linxi\t_early\dodge\sheet-transparent.png.import","989","15431D29C6724AFC06E461071BDF2168B29F1957B7F3605F501ECB546064B3FC"
"runtime_boundary_cleanup_20260618/moved_from_assets/assets/sprites/linxi/t_early/hit_reaction/sheet-transparent.png","E:\Linxi_Production_Archive\source_assets\runtime_boundary_cleanup_20260618\moved_from_assets\assets\sprites\linxi\t_early\hit_reaction\sheet-transparent.png","141670","4BF26A74C9777AAD51BF11AF499CF4F624CCFBC9D608D4BAE3C9DC667FB98AFD"
"runtime_boundary_cleanup_20260618/moved_from_assets/assets/sprites/linxi/t_early/hit_reaction/sheet-transparent.png.import","E:\Linxi_Production_Archive\source_assets\runtime_boundary_cleanup_20260618\moved_from_assets\assets\sprites\linxi\t_early\hit_reaction\sheet-transparent.png.import","997","C8A642FC3D1D6348122AD2BB2CE30B88B2BCB05CCEFA926014F7FBE5985DD05A"
"runtime_boundary_cleanup_20260618/moved_from_assets/assets/sprites/linxi/t_early/identity/sheet-transparent.png","E:\Linxi_Production_Archive\source_assets\runtime_boundary_cleanup_20260618\moved_from_assets\assets\sprites\linxi\t_early\identity\sheet-transparent.png","79157","16476D037A136F2A4D355B47D26C61308BDB1DA0FD351A294B5E28D3F8FC1FB6"
"runtime_boundary_cleanup_20260618/moved_from_assets/assets/sprites/linxi/t_early/identity/sheet-transparent.png.import","E:\Linxi_Production_Archive\source_assets\runtime_boundary_cleanup_20260618\moved_from_assets\assets\sprites\linxi\t_early\identity\sheet-transparent.png.import","993","61A582B7006CCF4010435E9D7397B5B0686ADAE328E050178593E89EB557AA36"
"runtime_boundary_cleanup_20260618/moved_from_assets/assets/sprites/linxi/t_early/sprint_horizontal/sheet-transparent.png","E:\Linxi_Production_Archive\source_assets\runtime_boundary_cleanup_20260618\moved_from_assets\assets\sprites\linxi\t_early\sprint_horizontal\sheet-transparent.png","269044","1F91E17ABB6540B42CD4A54106B30BBB1235E1E8B56A7AF9106CC184C61A5D85"
"runtime_boundary_cleanup_20260618/moved_from_assets/assets/sprites/linxi/t_early/sprint_horizontal/sheet-transparent.png.import","E:\Linxi_Production_Archive\source_assets\runtime_boundary_cleanup_20260618\moved_from_assets\assets\sprites\linxi\t_early\sprint_horizontal\sheet-transparent.png.import","1001","9EC6D883CB2711498B25E00AF2585727DE08BDD3B65702DD8D14CEC6F420E4D7"
"runtime_boundary_cleanup_20260618/moved_from_assets/assets/sprites/linxi/t_early/story/drink_blue/sheet-transparent.png","E:\Linxi_Production_Archive\source_assets\runtime_boundary_cleanup_20260618\moved_from_assets\assets\sprites\linxi\t_early\story\drink_blue\sheet-transparent.png","426702","8E6A1BFB52E7F886A83C4F08A7AE99F5A41DF3A86FD4473748EB0FFB87A64F23"
"runtime_boundary_cleanup_20260618/moved_from_assets/assets/sprites/linxi/t_early/story/drink_blue/sheet-transparent.png.import","E:\Linxi_Production_Archive\source_assets\runtime_boundary_cleanup_20260618\moved_from_assets\assets\sprites\linxi\t_early\story\drink_blue\sheet-transparent.png.import","1001","CB8A7B18311A923240A1D47B1038BA87CFB71CB6BC6D353129164A09CC0A412C"
"runtime_boundary_cleanup_20260618/moved_from_assets/assets/sprites/linxi/t_early/story/get_up/sheet-transparent.png","E:\Linxi_Production_Archive\source_assets\runtime_boundary_cleanup_20260618\moved_from_assets\assets\sprites\linxi\t_early\story\get_up\sheet-transparent.png","220967","3A1FCEF14A1D2FD2C51B345FB5A559F4F3C50FA694E33955D4A568FCCB3354AE"
"runtime_boundary_cleanup_20260618/moved_from_assets/assets/sprites/linxi/t_early/story/get_up/sheet-transparent.png.import","E:\Linxi_Production_Archive\source_assets\runtime_boundary_cleanup_20260618\moved_from_assets\assets\sprites\linxi\t_early\story\get_up\sheet-transparent.png.import","997","D25430F0D343DBC3084203D87F0CE3A7701B4D8733BE9C8554573EF447055F27"
"runtime_boundary_cleanup_20260618/moved_from_assets/assets/sprites/linxi/t_early/tail_ready_overlay/sheet-transparent.png","E:\Linxi_Production_Archive\source_assets\runtime_boundary_cleanup_20260618\moved_from_assets\assets\sprites\linxi\t_early\tail_ready_overlay\sheet-transparent.png","94446","D9D08F8590E86008295BA1766431D7A73A9CB75690E2E9F4BEF4E31DF4C7CD24"
"runtime_boundary_cleanup_20260618/moved_from_assets/assets/sprites/linxi/t_early/tail_ready_overlay/sheet-transparent.png.import","E:\Linxi_Production_Archive\source_assets\runtime_boundary_cleanup_20260618\moved_from_assets\assets\sprites\linxi\t_early\tail_ready_overlay\sheet-transparent.png.import","1003","B28DCB226886761CBA7E556C98CA8ADB263FD2F6F41D7D8B1EF751860DE88F53"
"runtime_boundary_cleanup_20260618/moved_from_assets/assets/sprites/linxi/t_early/walk_horizontal/sheet-transparent.png","E:\Linxi_Production_Archive\source_assets\runtime_boundary_cleanup_20260618\moved_from_assets\assets\sprites\linxi\t_early\walk_horizontal\sheet-transparent.png","538159","DAA020B28956A56F9B809A30B5983FDCB531E4FA5BEBF818A7B2C01881550460"
"runtime_boundary_cleanup_20260618/moved_from_assets/assets/sprites/linxi/t_early/walk_horizontal/sheet-transparent.png.import","E:\Linxi_Production_Archive\source_assets\runtime_boundary_cleanup_20260618\moved_from_assets\assets\sprites\linxi\t_early\walk_horizontal\sheet-transparent.png.import","1000","1032D2389B8E0935F5686D63630E882B766CD0FD94944FA2DA0668ED4D8FFCE0"
"runtime_boundary_cleanup_20260618/moved_from_assets/assets/sprites/linxi/t_early/walk_horizontal/weak_walk_v2_sheet-transparent.png","E:\Linxi_Production_Archive\source_assets\runtime_boundary_cleanup_20260618\moved_from_assets\assets\sprites\linxi\t_early\walk_horizontal\weak_walk_v2_sheet-transparent.png","538159","DAA020B28956A56F9B809A30B5983FDCB531E4FA5BEBF818A7B2C01881550460"
"runtime_boundary_cleanup_20260618/moved_from_assets/assets/sprites/linxi/t_early/walk_horizontal/weak_walk_v2_sheet-transparent.png.import","E:\Linxi_Production_Archive\source_assets\runtime_boundary_cleanup_20260618\moved_from_assets\assets\sprites\linxi\t_early\walk_horizontal\weak_walk_v2_sheet-transparent.png.import","1038","DC4D67A17FB8B8826457149953EADBFEFFC799F5F0695A49BEC5D9A00AD443D5"
"runtime_boundary_cleanup_20260618/moved_from_assets/assets/sprites/linxi/t_early/walk_horizontal/weak_walk_v3_sheet-transparent.png","E:\Linxi_Production_Archive\source_assets\runtime_boundary_cleanup_20260618\moved_from_assets\assets\sprites\linxi\t_early\walk_horizontal\weak_walk_v3_sheet-transparent.png","538159","DAA020B28956A56F9B809A30B5983FDCB531E4FA5BEBF818A7B2C01881550460"
"runtime_boundary_cleanup_20260618/moved_from_assets/assets/sprites/linxi/t_early/walk_horizontal/weak_walk_v3_sheet-transparent.png.import","E:\Linxi_Production_Archive\source_assets\runtime_boundary_cleanup_20260618\moved_from_assets\assets\sprites\linxi\t_early\walk_horizontal\weak_walk_v3_sheet-transparent.png.import","1039","66FB59D7F76A57CA619DFD0E87DC8F8FEA82840C84C1B8247F5473143629C7C9"
"runtime_boundary_cleanup_20260618/moved_from_assets/assets/sprites/linxi/t_early/weak_idle/sheet-transparent.png","E:\Linxi_Production_Archive\source_assets\runtime_boundary_cleanup_20260618\moved_from_assets\assets\sprites\linxi\t_early\weak_idle\sheet-transparent.png","134022","C2401722B7FAB1852E16E3B72D2AA809F59E35B5C8B8ADD27868AA31E051C57F"
"runtime_boundary_cleanup_20260618/moved_from_assets/assets/sprites/linxi/t_early/weak_idle/sheet-transparent.png.import","E:\Linxi_Production_Archive\source_assets\runtime_boundary_cleanup_20260618\moved_from_assets\assets\sprites\linxi\t_early\weak_idle\sheet-transparent.png.import","993","C046B0B2D3C5BF51F441D6A7CC4FBFAAC55468CE128F2569A82B5C72FB7084D1"
"runtime_boundary_cleanup_20260618/moved_from_assets/assets/ui/hud/biomass_hud_pack_raw_magenta.png","E:\Linxi_Production_Archive\source_assets\runtime_boundary_cleanup_20260618\moved_from_assets\assets\ui\hud\biomass_hud_pack_raw_magenta.png","1464435","327C9DAA241FA7D850E8EE088AE1075702F888B775DC5F6A819B611FDBBCB760"
"runtime_boundary_cleanup_20260618/moved_from_assets/assets/ui/hud/biomass_hud_pack_raw_magenta.png.import","E:\Linxi_Production_Archive\source_assets\runtime_boundary_cleanup_20260618\moved_from_assets\assets\ui\hud\biomass_hud_pack_raw_magenta.png.import","1002","C00E9700D3A9BC41ACE99D30476595C77610FFA960E0376AF4A2CE61E05A441D"
"runtime_boundary_cleanup_20260618/moved_from_assets/assets/ui/hud/hud_pack_raw_magenta.png","E:\Linxi_Production_Archive\source_assets\runtime_boundary_cleanup_20260618\moved_from_assets\assets\ui\hud\hud_pack_raw_magenta.png","1512586","42CC36C2ECF614B563D3DB3046C05E7EB324204B10A235A05277AD8962894372"
"runtime_boundary_cleanup_20260618/moved_from_assets/assets/ui/hud/hud_pack_raw_magenta.png.import","E:\Linxi_Production_Archive\source_assets\runtime_boundary_cleanup_20260618\moved_from_assets\assets\ui\hud\hud_pack_raw_magenta.png.import","978","9224C32925A15CAD79C774FF6699AFD62E2DF3DBC7BB2E689EC7488DFF989FDF"
"safe_house/memory_classroom/memory_classroom.prompt.txt","E:\Linxi_Production_Archive\source_assets\safe_house\memory_classroom\memory_classroom.prompt.txt","1661","2755C6DC00D265EC59829090C5B36897C3F58F798AB5C119FEB8EDF885D6435A"
"safe_house/memory_classroom/memory_classroom_1280x720.png","E:\Linxi_Production_Archive\source_assets\safe_house\memory_classroom\memory_classroom_1280x720.png","1345451","AE1EE338255432C311775E452BA4A0450AD05D2A2F035F4B6AE53C2B1ABE38BE"
"safe_house/memory_classroom/memory_classroom_raw.png","E:\Linxi_Production_Archive\source_assets\safe_house\memory_classroom\memory_classroom_raw.png","2186986","80C648F24B8D9D0ABC11F432DE0AD4E8D00530E7E435A08D2A33A71D924809DA"
"safe_house/memory_classroom/memory_classroom_v2_noon_pixel.prompt.txt","E:\Linxi_Production_Archive\source_assets\safe_house\memory_classroom\memory_classroom_v2_noon_pixel.prompt.txt","1987","A24F527891F9DD724DF78420C456C45DBB9E0FD5807E8D1EE5588C7F863460C3"
"safe_house/memory_classroom/memory_classroom_v2_noon_pixel_1280x720.png","E:\Linxi_Production_Archive\source_assets\safe_house\memory_classroom\memory_classroom_v2_noon_pixel_1280x720.png","1459077","FC47C3A1AEBCCABE976859A6C6B7227B3613A55614E5C1EC24D7D0D58819474A"
"safe_house/memory_classroom/memory_classroom_v2_noon_pixel_raw.png","E:\Linxi_Production_Archive\source_assets\safe_house\memory_classroom\memory_classroom_v2_noon_pixel_raw.png","2382275","864D3852ADFDD7A24A61348279F7887B3FEAB72CDFB043DE0EC6AACD18C1E790"
